run_id,artifact_type,rl_step,path,reported_sha256,size_bytes,reported_exists,reported_checksum_verified
pd8b-dense-lam100-lr01-s42-rl160,train_log,,/volume/posttrain/users/lsk/nvc-repo/sgd_rlvr_reproduce/checkpoints/paperD_rl160/pd8b-dense-lam100-lr01-s42-rl160/logs/train_rlstep000_160.jsonl,66a4ea29b90dbfc572ffbe8edefed6fc3d0ffbcd2c9f847f93bf3438ec443450,8003633,True,True
pd8b-dense-lam100-lr01-s42-rl160,evaluation_log,40,/volume/posttrain/users/lsk/nvc-repo/sgd_rlvr_reproduce/checkpoints/paperD_rl160/pd8b-dense-lam100-lr01-s42-rl160/logs/eval_rlstep040.jsonl,a3502464ad6c20e1bcfd7d244d5eea907d396ce29a835d4864b75c253e15e68d,2438624,True,True
pd8b-dense-lam100-lr01-s42-rl160,evaluation_log,80,/volume/posttrain/users/lsk/nvc-repo/sgd_rlvr_reproduce/checkpoints/paperD_rl160/pd8b-dense-lam100-lr01-s42-rl160/logs/eval_rlstep080.jsonl,a25652af0ec37a43a3343e5e2d050841d2653c0d0dca0504838cc4114b3cdb91,2420977,True,True
pd8b-dense-lam100-lr01-s42-rl160,evaluation_log,120,/volume/posttrain/users/lsk/nvc-repo/sgd_rlvr_reproduce/checkpoints/paperD_rl160/pd8b-dense-lam100-lr01-s42-rl160/logs/eval_rlstep120.jsonl,747cea78cadd495dbdd3d9493cdf069c4c504a7e37e913d6311eb381b69812f4,2404188,True,True
pd8b-dense-lam100-lr01-s42-rl160,evaluation_log,160,/volume/posttrain/users/lsk/nvc-repo/sgd_rlvr_reproduce/checkpoints/paperD_rl160/pd8b-dense-lam100-lr01-s42-rl160/logs/eval_rlstep160.jsonl,c678219ef94148c3f1735c5f11da481adfc69a67035f3d4366bd9d62280dca0e,2400109,True,True
pd8b-dense-lam100-lr01-s42-rl160,checkpoint_manifest,40,/volume/posttrain/users/lsk/nvc-repo/sgd_rlvr_reproduce/checkpoints/paperD_rl160/pd8b-dense-lam100-lr01-s42-rl160/manifests/checkpoint_rlstep040.sha256,7a5edb78396791377742c068b4c703a1b26e3c077569b1ab13c211907a2cc336,79384,True,True
pd8b-dense-lam100-lr01-s42-rl160,checkpoint_manifest,80,/volume/posttrain/users/lsk/nvc-repo/sgd_rlvr_reproduce/checkpoints/paperD_rl160/pd8b-dense-lam100-lr01-s42-rl160/manifests/checkpoint_rlstep080.sha256,292577b81eca2347d8eba4604a29cea083411ad71d8f1c8bd24fdf5d24c58372,65858,True,True
pd8b-dense-lam100-lr01-s42-rl160,checkpoint_manifest,120,/volume/posttrain/users/lsk/nvc-repo/sgd_rlvr_reproduce/checkpoints/paperD_rl160/pd8b-dense-lam100-lr01-s42-rl160/manifests/checkpoint_rlstep120.sha256,785c41eb275f8e3503b040e5a4f9104ffee4b6b9b06d2ffeaee7b1d188fa684b,88068,True,True
pd8b-dense-lam100-lr01-s42-rl160,checkpoint_manifest,160,/volume/posttrain/users/lsk/nvc-repo/sgd_rlvr_reproduce/checkpoints/paperD_rl160/pd8b-dense-lam100-lr01-s42-rl160/manifests/checkpoint_rlstep160.sha256,a5f0d666d0a37bbd3e40017a45d65d44cb724d274fe4ca0025aa1a863fc66f5c,81354,True,True
pd8b-dense-lam100-lr01-s42-rl160,resolved_config,,/volume/posttrain/users/lsk/nvc-repo/sgd_rlvr_reproduce/checkpoints/paperD_rl160/pd8b-dense-lam100-lr01-s42-rl160/manifests/resolved_config.yaml,5d3f7b257a6efd9f352fbbb8cf4507cf583812bad845c315367acc31a14c282d,81794,True,True
pd8b-dense-lam100-lr01-s42-rl160,environment,,/volume/posttrain/users/lsk/nvc-repo/sgd_rlvr_reproduce/checkpoints/paperD_rl160/pd8b-dense-lam100-lr01-s42-rl160/manifests/environment.json,9516a0b3f8dad62b21be633e7a7daf3b48eacd611d1ec781103d1d35dd200f7f,27651,True,True
pd8b-dense-lam100-lr01-s42-rl160,rollout_prompt_manifest,,/volume/posttrain/users/lsk/nvc-repo/sgd_rlvr_reproduce/checkpoints/paperD_rl160/pd8b-dense-lam100-lr01-s42-rl160/manifests/rollout_prompt_ids.jsonl,ed58256e95396c339bf5112421a50b4b52c1c6e71b9d8c78e5436cb73ac2fe01,24009712,True,True
pd8b-dense-lam100-lr01-s43-rl160,train_log,,/volume/posttrain/users/lsk/nvc-repo/sgd_rlvr_reproduce/checkpoints/paperD_rl160/pd8b-dense-lam100-lr01-s43-rl160/logs/train_rlstep000_160.jsonl,2ef22918be2a1d20452890f1eac063092be32969e09effb3ebceed0664286d47,8035206,True,True
pd8b-dense-lam100-lr01-s43-rl160,evaluation_log,40,/volume/posttrain/users/lsk/nvc-repo/sgd_rlvr_reproduce/checkpoints/paperD_rl160/pd8b-dense-lam100-lr01-s43-rl160/logs/eval_rlstep040.jsonl,f39d18cb3a343098047e17af5c452c8903c4a3555c0257363d8a7f43d9d812ad,2428774,True,True
pd8b-dense-lam100-lr01-s43-rl160,evaluation_log,80,/volume/posttrain/users/lsk/nvc-repo/sgd_rlvr_reproduce/checkpoints/paperD_rl160/pd8b-dense-lam100-lr01-s43-rl160/logs/eval_rlstep080.jsonl,a57e70aeaf535f481e3fd44a124c3b71e6cbabb2fe804171546a4eddf87aa94f,2447361,True,True
pd8b-dense-lam100-lr01-s43-rl160,evaluation_log,120,/volume/posttrain/users/lsk/nvc-repo/sgd_rlvr_reproduce/checkpoints/paperD_rl160/pd8b-dense-lam100-lr01-s43-rl160/logs/eval_rlstep120.jsonl,ad76a78181ccd6dd1514548cc81b0125c5570bdc557e03f5059f51383245c31b,2429294,True,True
pd8b-dense-lam100-lr01-s43-rl160,evaluation_log,160,/volume/posttrain/users/lsk/nvc-repo/sgd_rlvr_reproduce/checkpoints/paperD_rl160/pd8b-dense-lam100-lr01-s43-rl160/logs/eval_rlstep160.jsonl,7d5a32236c0c5ceec785add389994fb07116fce4c33c24a0743a07411940c876,2413202,True,True
pd8b-dense-lam100-lr01-s43-rl160,checkpoint_manifest,40,/volume/posttrain/users/lsk/nvc-repo/sgd_rlvr_reproduce/checkpoints/paperD_rl160/pd8b-dense-lam100-lr01-s43-rl160/manifests/checkpoint_rlstep040.sha256,cba595f2878e5f4150aecd492b573dec32dcd30b6ab986e8e0f374299d464e31,55424,True,True
pd8b-dense-lam100-lr01-s43-rl160,checkpoint_manifest,80,/volume/posttrain/users/lsk/nvc-repo/sgd_rlvr_reproduce/checkpoints/paperD_rl160/pd8b-dense-lam100-lr01-s43-rl160/manifests/checkpoint_rlstep080.sha256,9ac15e5999be2640072193e5333580591eb4f6cf4a1021f51e3892b222ae7b8f,95691,True,True
pd8b-dense-lam100-lr01-s43-rl160,checkpoint_manifest,120,/volume/posttrain/users/lsk/nvc-repo/sgd_rlvr_reproduce/checkpoints/paperD_rl160/pd8b-dense-lam100-lr01-s43-rl160/manifests/checkpoint_rlstep120.sha256,48bbbc26c6b66a66f2df1570d2e5c38eeebf42de8d443feabcb53ce8e4af1f41,69241,True,True
pd8b-dense-lam100-lr01-s43-rl160,checkpoint_manifest,160,/volume/posttrain/users/lsk/nvc-repo/sgd_rlvr_reproduce/checkpoints/paperD_rl160/pd8b-dense-lam100-lr01-s43-rl160/manifests/checkpoint_rlstep160.sha256,a69cf62589e7f84f1e677aa3e827f4c4f7a689ba10f3ef32ae3e48604f698587,61040,True,True
pd8b-dense-lam100-lr01-s43-rl160,resolved_config,,/volume/posttrain/users/lsk/nvc-repo/sgd_rlvr_reproduce/checkpoints/paperD_rl160/pd8b-dense-lam100-lr01-s43-rl160/manifests/resolved_config.yaml,02f158875852e29f536a2a5219aea43cbb0521c7bfd493485b5283949593a3a2,48379,True,True
pd8b-dense-lam100-lr01-s43-rl160,environment,,/volume/posttrain/users/lsk/nvc-repo/sgd_rlvr_reproduce/checkpoints/paperD_rl160/pd8b-dense-lam100-lr01-s43-rl160/manifests/environment.json,f4bf518f8d9be3c0a44e3e76d4c759a1e83e76e84eba2693f1b114596cd41da7,53538,True,True
pd8b-dense-lam100-lr01-s43-rl160,rollout_prompt_manifest,,/volume/posttrain/users/lsk/nvc-repo/sgd_rlvr_reproduce/checkpoints/paperD_rl160/pd8b-dense-lam100-lr01-s43-rl160/manifests/rollout_prompt_ids.jsonl,0aa7b980007fbe2e734891c53765b0c64f7c09a2b20574765e35a4d8ee73c6ed,24021249,True,True
pd8b-dense-lam100-lr01-s44-rl160,train_log,,/volume/posttrain/users/lsk/nvc-repo/sgd_rlvr_reproduce/checkpoints/paperD_rl160/pd8b-dense-lam100-lr01-s44-rl160/logs/train_rlstep000_160.jsonl,3f53c13e7c94a02604d2419789f326bb2053e6c15965b4a3b1eeb83b36bca888,8000986,True,True
pd8b-dense-lam100-lr01-s44-rl160,evaluation_log,40,/volume/posttrain/users/lsk/nvc-repo/sgd_rlvr_reproduce/checkpoints/paperD_rl160/pd8b-dense-lam100-lr01-s44-rl160/logs/eval_rlstep040.jsonl,546e6c4ae91bc35cd2afa9622f22d02221476c243904ad84a287804e66e116f9,2427079,True,True
pd8b-dense-lam100-lr01-s44-rl160,evaluation_log,80,/volume/posttrain/users/lsk/nvc-repo/sgd_rlvr_reproduce/checkpoints/paperD_rl160/pd8b-dense-lam100-lr01-s44-rl160/logs/eval_rlstep080.jsonl,51b0ae5d3b5f5c3cbc15cf676b02499c6b1f75803f38f588bddcf370f7a741ac,2404007,True,True
pd8b-dense-lam100-lr01-s44-rl160,evaluation_log,120,/volume/posttrain/users/lsk/nvc-repo/sgd_rlvr_reproduce/checkpoints/paperD_rl160/pd8b-dense-lam100-lr01-s44-rl160/logs/eval_rlstep120.jsonl,9097e9bb1c25c62352f644f9cd604032d1830af88a98762cbc0e2b886746be83,2400911,True,True
pd8b-dense-lam100-lr01-s44-rl160,evaluation_log,160,/volume/posttrain/users/lsk/nvc-repo/sgd_rlvr_reproduce/checkpoints/paperD_rl160/pd8b-dense-lam100-lr01-s44-rl160/logs/eval_rlstep160.jsonl,6123012d66fdd5daa859d49c556ef5dcf82252fa777491bb0bfe55317c5f17cf,2424616,True,True
pd8b-dense-lam100-lr01-s44-rl160,checkpoint_manifest,40,/volume/posttrain/users/lsk/nvc-repo/sgd_rlvr_reproduce/checkpoints/paperD_rl160/pd8b-dense-lam100-lr01-s44-rl160/manifests/checkpoint_rlstep040.sha256,566e246411bf45f956e9b11214cf6dbcbfbf775eb030cd4c70f9e5afe5aeafe1,62334,True,True
pd8b-dense-lam100-lr01-s44-rl160,checkpoint_manifest,80,/volume/posttrain/users/lsk/nvc-repo/sgd_rlvr_reproduce/checkpoints/paperD_rl160/pd8b-dense-lam100-lr01-s44-rl160/manifests/checkpoint_rlstep080.sha256,2a1cddf3e0bdc7b9a9ab8bb711ecb35979fdd43d29d9b4e4c027e9ac811c1ffe,92110,True,True
pd8b-dense-lam100-lr01-s44-rl160,checkpoint_manifest,120,/volume/posttrain/users/lsk/nvc-repo/sgd_rlvr_reproduce/checkpoints/paperD_rl160/pd8b-dense-lam100-lr01-s44-rl160/manifests/checkpoint_rlstep120.sha256,eab386235e8188441633b40644881cf0c6993244e6472221fcfff5c19bcbc4b5,68426,True,True
pd8b-dense-lam100-lr01-s44-rl160,checkpoint_manifest,160,/volume/posttrain/users/lsk/nvc-repo/sgd_rlvr_reproduce/checkpoints/paperD_rl160/pd8b-dense-lam100-lr01-s44-rl160/manifests/checkpoint_rlstep160.sha256,d5261fc488bd5e66b69e68d99466d0c3a1f346e78d89e26ea5f55c6c9edfe29b,49777,True,True
pd8b-dense-lam100-lr01-s44-rl160,resolved_config,,/volume/posttrain/users/lsk/nvc-repo/sgd_rlvr_reproduce/checkpoints/paperD_rl160/pd8b-dense-lam100-lr01-s44-rl160/manifests/resolved_config.yaml,b92d8f396f89aea9f5dcd333c229ba19b98bdd8129eaadbad74e07c49eef6750,68719,True,True
pd8b-dense-lam100-lr01-s44-rl160,environment,,/volume/posttrain/users/lsk/nvc-repo/sgd_rlvr_reproduce/checkpoints/paperD_rl160/pd8b-dense-lam100-lr01-s44-rl160/manifests/environment.json,4a7bd83818808b80d9d3585c92ce9c7f745b92ca6d026ec73913a5fc9bf0451c,47076,True,True
pd8b-dense-lam100-lr01-s44-rl160,rollout_prompt_manifest,,/volume/posttrain/users/lsk/nvc-repo/sgd_rlvr_reproduce/checkpoints/paperD_rl160/pd8b-dense-lam100-lr01-s44-rl160/manifests/rollout_prompt_ids.jsonl,0335e80776ffe39f9588c6fcdc605bc36214caa6e5f5527f8c74a582c924cf8f,24010662,True,True
pd8b-dense-lam100-lr05-s42-rl160,train_log,,/volume/posttrain/users/lsk/nvc-repo/sgd_rlvr_reproduce/checkpoints/paperD_rl160/pd8b-dense-lam100-lr05-s42-rl160/logs/train_rlstep000_160.jsonl,64ac9c2a1b0b4b13e0f00894e8a1cf74e917eb631318d80c8141c0f40f8f230f,8049209,True,True
pd8b-dense-lam100-lr05-s42-rl160,evaluation_log,40,/volume/posttrain/users/lsk/nvc-repo/sgd_rlvr_reproduce/checkpoints/paperD_rl160/pd8b-dense-lam100-lr05-s42-rl160/logs/eval_rlstep040.jsonl,4b68868ec3a512bdbdf276b65f08a500890036d559bcb42806b3eabadfe3645b,2441621,True,True
pd8b-dense-lam100-lr05-s42-rl160,evaluation_log,80,/volume/posttrain/users/lsk/nvc-repo/sgd_rlvr_reproduce/checkpoints/paperD_rl160/pd8b-dense-lam100-lr05-s42-rl160/logs/eval_rlstep080.jsonl,f328a9c5a3f62eb6e1813659de7f5c3e12e0de23d1f9a8050b4b9847599d7cd9,2406828,True,True
pd8b-dense-lam100-lr05-s42-rl160,evaluation_log,120,/volume/posttrain/users/lsk/nvc-repo/sgd_rlvr_reproduce/checkpoints/paperD_rl160/pd8b-dense-lam100-lr05-s42-rl160/logs/eval_rlstep120.jsonl,b7cb23487de98218bde96505f3e6d9e1abbc8b3da73080e64fb7eb84782f0e77,2432618,True,True
pd8b-dense-lam100-lr05-s42-rl160,evaluation_log,160,/volume/posttrain/users/lsk/nvc-repo/sgd_rlvr_reproduce/checkpoints/paperD_rl160/pd8b-dense-lam100-lr05-s42-rl160/logs/eval_rlstep160.jsonl,68576fc09575ed1ff28cd416986eaf3b91f3af646770b5ee20f0ac808da20275,2408485,True,True
pd8b-dense-lam100-lr05-s42-rl160,checkpoint_manifest,40,/volume/posttrain/users/lsk/nvc-repo/sgd_rlvr_reproduce/checkpoints/paperD_rl160/pd8b-dense-lam100-lr05-s42-rl160/manifests/checkpoint_rlstep040.sha256,d88aa4f0483f61da2923bef43bf3a0acddd51b657003f578012137e9ad114ef2,88027,True,True
pd8b-dense-lam100-lr05-s42-rl160,checkpoint_manifest,80,/volume/posttrain/users/lsk/nvc-repo/sgd_rlvr_reproduce/checkpoints/paperD_rl160/pd8b-dense-lam100-lr05-s42-rl160/manifests/checkpoint_rlstep080.sha256,db5658d882dee17da78f7ff6cd6dd7b90c330fcc48c9ccd7609dc4d21b5037c5,79659,True,True
pd8b-dense-lam100-lr05-s42-rl160,checkpoint_manifest,120,/volume/posttrain/users/lsk/nvc-repo/sgd_rlvr_reproduce/checkpoints/paperD_rl160/pd8b-dense-lam100-lr05-s42-rl160/manifests/checkpoint_rlstep120.sha256,af729f69d6c1880ac2970e8a0520075b0e4c6141ec62bb4cd3c449a7c3f5a2bd,96591,True,True
pd8b-dense-lam100-lr05-s42-rl160,checkpoint_manifest,160,/volume/posttrain/users/lsk/nvc-repo/sgd_rlvr_reproduce/checkpoints/paperD_rl160/pd8b-dense-lam100-lr05-s42-rl160/manifests/checkpoint_rlstep160.sha256,706ffd657e4f1a3f0b6afbeb01e2d6877641ee6b70b647a101a4894f1a1a9609,55842,True,True
pd8b-dense-lam100-lr05-s42-rl160,resolved_config,,/volume/posttrain/users/lsk/nvc-repo/sgd_rlvr_reproduce/checkpoints/paperD_rl160/pd8b-dense-lam100-lr05-s42-rl160/manifests/resolved_config.yaml,c5a391d0eceeb5c08fd4a4eb282312576b80abbf809cc31ff4104ad80268be7e,54957,True,True
pd8b-dense-lam100-lr05-s42-rl160,environment,,/volume/posttrain/users/lsk/nvc-repo/sgd_rlvr_reproduce/checkpoints/paperD_rl160/pd8b-dense-lam100-lr05-s42-rl160/manifests/environment.json,ccd9a4c90ed47c082418899095efd06ced876190a81f1b84dfaa8922dd8b3791,37341,True,True
pd8b-dense-lam100-lr05-s42-rl160,rollout_prompt_manifest,,/volume/posttrain/users/lsk/nvc-repo/sgd_rlvr_reproduce/checkpoints/paperD_rl160/pd8b-dense-lam100-lr05-s42-rl160/manifests/rollout_prompt_ids.jsonl,277dc0e8cd3db6cbd5dcd1fac253c137d0f647b164b70645b47065dd7c33ac9e,24019996,True,True
pd8b-dense-lam100-lr05-s43-rl160,train_log,,/volume/posttrain/users/lsk/nvc-repo/sgd_rlvr_reproduce/checkpoints/paperD_rl160/pd8b-dense-lam100-lr05-s43-rl160/logs/train_rlstep000_160.jsonl,1fd8edb7968cf70921db43a8563f74a31355a50d7904633b46b4af71d3d11938,8035843,True,True
pd8b-dense-lam100-lr05-s43-rl160,evaluation_log,40,/volume/posttrain/users/lsk/nvc-repo/sgd_rlvr_reproduce/checkpoints/paperD_rl160/pd8b-dense-lam100-lr05-s43-rl160/logs/eval_rlstep040.jsonl,e92614f2ec1ad504ec71cdce63cef6a52e6d29ccb08a56befa983b433a3590fb,2413695,True,True
pd8b-dense-lam100-lr05-s43-rl160,evaluation_log,80,/volume/posttrain/users/lsk/nvc-repo/sgd_rlvr_reproduce/checkpoints/paperD_rl160/pd8b-dense-lam100-lr05-s43-rl160/logs/eval_rlstep080.jsonl,dfd620388e99349edaff3f4d426114d4133d273e9bb6d54e1addc29f56d513f4,2417126,True,True
pd8b-dense-lam100-lr05-s43-rl160,evaluation_log,120,/volume/posttrain/users/lsk/nvc-repo/sgd_rlvr_reproduce/checkpoints/paperD_rl160/pd8b-dense-lam100-lr05-s43-rl160/logs/eval_rlstep120.jsonl,5e8891a31d8c501bd9ad5bd13ae0357c84631f174fc35d00cc32499072d1b9b1,2410976,True,True
pd8b-dense-lam100-lr05-s43-rl160,evaluation_log,160,/volume/posttrain/users/lsk/nvc-repo/sgd_rlvr_reproduce/checkpoints/paperD_rl160/pd8b-dense-lam100-lr05-s43-rl160/logs/eval_rlstep160.jsonl,5fecba262668d90359e74658a979d2712eb1033a98c275a054e9cfff7753e7d2,2442290,True,True
pd8b-dense-lam100-lr05-s43-rl160,checkpoint_manifest,40,/volume/posttrain/users/lsk/nvc-repo/sgd_rlvr_reproduce/checkpoints/paperD_rl160/pd8b-dense-lam100-lr05-s43-rl160/manifests/checkpoint_rlstep040.sha256,cf1074a87cd3f3ceabba9e8c9009c22cee40554fb5a0bc2565afaa2f1caceec7,49963,True,True
pd8b-dense-lam100-lr05-s43-rl160,checkpoint_manifest,80,/volume/posttrain/users/lsk/nvc-repo/sgd_rlvr_reproduce/checkpoints/paperD_rl160/pd8b-dense-lam100-lr05-s43-rl160/manifests/checkpoint_rlstep080.sha256,a62b3015ae268b3dd68c64d6a3ebd1676f486a426274c9c14bd347271bece55c,72938,True,True
pd8b-dense-lam100-lr05-s43-rl160,checkpoint_manifest,120,/volume/posttrain/users/lsk/nvc-repo/sgd_rlvr_reproduce/checkpoints/paperD_rl160/pd8b-dense-lam100-lr05-s43-rl160/manifests/checkpoint_rlstep120.sha256,5fdcc711e7a4681ba5b5f65ac54f924b8da1882d64236632e1b9811f42330576,79381,True,True
pd8b-dense-lam100-lr05-s43-rl160,checkpoint_manifest,160,/volume/posttrain/users/lsk/nvc-repo/sgd_rlvr_reproduce/checkpoints/paperD_rl160/pd8b-dense-lam100-lr05-s43-rl160/manifests/checkpoint_rlstep160.sha256,ac6c19b6316b299c5e8ca30e300b854a83459c3573d932a97c42676aa7d9ef7c,91859,True,True
pd8b-dense-lam100-lr05-s43-rl160,resolved_config,,/volume/posttrain/users/lsk/nvc-repo/sgd_rlvr_reproduce/checkpoints/paperD_rl160/pd8b-dense-lam100-lr05-s43-rl160/manifests/resolved_config.yaml,ab5801aaa8547905ee0cd2bcf2ee6e120ed663d01e4039dbd6a3af5d3211066f,53564,True,True
pd8b-dense-lam100-lr05-s43-rl160,environment,,/volume/posttrain/users/lsk/nvc-repo/sgd_rlvr_reproduce/checkpoints/paperD_rl160/pd8b-dense-lam100-lr05-s43-rl160/manifests/environment.json,0cc34d8cfa11fd5e68c7ae9082058a26fdd28aaa9a71da7fe9c91e76b6c5b621,15357,True,True
pd8b-dense-lam100-lr05-s43-rl160,rollout_prompt_manifest,,/volume/posttrain/users/lsk/nvc-repo/sgd_rlvr_reproduce/checkpoints/paperD_rl160/pd8b-dense-lam100-lr05-s43-rl160/manifests/rollout_prompt_ids.jsonl,2a8ccc3e962471536d0fb600a205637d5608027ba325d206e215c7097a3870d2,24031619,True,True
pd8b-dense-lam100-lr05-s44-rl160,train_log,,/volume/posttrain/users/lsk/nvc-repo/sgd_rlvr_reproduce/checkpoints/paperD_rl160/pd8b-dense-lam100-lr05-s44-rl160/logs/train_rlstep000_160.jsonl,7282c321133c77bee7258fa0adf8f361856414fc3052164737387467c060fffe,8025163,True,True
pd8b-dense-lam100-lr05-s44-rl160,evaluation_log,40,/volume/posttrain/users/lsk/nvc-repo/sgd_rlvr_reproduce/checkpoints/paperD_rl160/pd8b-dense-lam100-lr05-s44-rl160/logs/eval_rlstep040.jsonl,183b2b565d395839eeda395125883ca912e66b730a8ef76d6f0a907e6b3bd73b,2419888,True,True
pd8b-dense-lam100-lr05-s44-rl160,evaluation_log,80,/volume/posttrain/users/lsk/nvc-repo/sgd_rlvr_reproduce/checkpoints/paperD_rl160/pd8b-dense-lam100-lr05-s44-rl160/logs/eval_rlstep080.jsonl,524e1c0064ada23a2d15c0882480da90a47659a5424873668f7a37f59bc3550e,2424036,True,True
pd8b-dense-lam100-lr05-s44-rl160,evaluation_log,120,/volume/posttrain/users/lsk/nvc-repo/sgd_rlvr_reproduce/checkpoints/paperD_rl160/pd8b-dense-lam100-lr05-s44-rl160/logs/eval_rlstep120.jsonl,7f8e4be96f2453f99e413aa1b77aa01b86c7dbc932b5c851a03bc57f2cc27f46,2402406,True,True
pd8b-dense-lam100-lr05-s44-rl160,evaluation_log,160,/volume/posttrain/users/lsk/nvc-repo/sgd_rlvr_reproduce/checkpoints/paperD_rl160/pd8b-dense-lam100-lr05-s44-rl160/logs/eval_rlstep160.jsonl,3889bb98533fa99134b4aef089b99d41c4d403abb53385b96997726cdba4fb51,2410084,True,True
pd8b-dense-lam100-lr05-s44-rl160,checkpoint_manifest,40,/volume/posttrain/users/lsk/nvc-repo/sgd_rlvr_reproduce/checkpoints/paperD_rl160/pd8b-dense-lam100-lr05-s44-rl160/manifests/checkpoint_rlstep040.sha256,a1d84f953cc6bbceb6d7e1d14129c5e357212f1354fb812d2caa0c87f5a08406,86413,True,True
pd8b-dense-lam100-lr05-s44-rl160,checkpoint_manifest,80,/volume/posttrain/users/lsk/nvc-repo/sgd_rlvr_reproduce/checkpoints/paperD_rl160/pd8b-dense-lam100-lr05-s44-rl160/manifests/checkpoint_rlstep080.sha256,c178749e278a0a7533e14b70bda6312fea75e7e3678d34ef89bc8a6ef36046b0,52058,True,True
pd8b-dense-lam100-lr05-s44-rl160,checkpoint_manifest,120,/volume/posttrain/users/lsk/nvc-repo/sgd_rlvr_reproduce/checkpoints/paperD_rl160/pd8b-dense-lam100-lr05-s44-rl160/manifests/checkpoint_rlstep120.sha256,4391a8e5427bb4a06e9f48014a705d272678982605539644f5092bdee411e9e0,80668,True,True
pd8b-dense-lam100-lr05-s44-rl160,checkpoint_manifest,160,/volume/posttrain/users/lsk/nvc-repo/sgd_rlvr_reproduce/checkpoints/paperD_rl160/pd8b-dense-lam100-lr05-s44-rl160/manifests/checkpoint_rlstep160.sha256,bc9baf6ef555963a3ee84eeafc354417045dbdf204b264efb16f18f226d39b6f,80212,True,True
pd8b-dense-lam100-lr05-s44-rl160,resolved_config,,/volume/posttrain/users/lsk/nvc-repo/sgd_rlvr_reproduce/checkpoints/paperD_rl160/pd8b-dense-lam100-lr05-s44-rl160/manifests/resolved_config.yaml,37c821eb3589639f72ce820b4bd0563ae4b5c19328bbd75d611b254c104fa3b9,78523,True,True
pd8b-dense-lam100-lr05-s44-rl160,environment,,/volume/posttrain/users/lsk/nvc-repo/sgd_rlvr_reproduce/checkpoints/paperD_rl160/pd8b-dense-lam100-lr05-s44-rl160/manifests/environment.json,2e7b71e575bdc2e976c7c0556656187fff72712c877779c25dd77067a41271ef,37680,True,True
pd8b-dense-lam100-lr05-s44-rl160,rollout_prompt_manifest,,/volume/posttrain/users/lsk/nvc-repo/sgd_rlvr_reproduce/checkpoints/paperD_rl160/pd8b-dense-lam100-lr05-s44-rl160/manifests/rollout_prompt_ids.jsonl,aaf4a6287b456f1b75edd13dac311cb44e5dac5baf38ea65c7ec56e805ce2f93,24047355,True,True
pd8b-dense-lam100-lr10-s42-rl160,train_log,,/volume/posttrain/users/lsk/nvc-repo/sgd_rlvr_reproduce/checkpoints/paperD_rl160/pd8b-dense-lam100-lr10-s42-rl160/logs/train_rlstep000_160.jsonl,475695a636d22744182796b31a19261d380dc3575d1356f3b8226c708d55bae5,8040311,True,True
pd8b-dense-lam100-lr10-s42-rl160,evaluation_log,40,/volume/posttrain/users/lsk/nvc-repo/sgd_rlvr_reproduce/checkpoints/paperD_rl160/pd8b-dense-lam100-lr10-s42-rl160/logs/eval_rlstep040.jsonl,16c437bc38e1d98466d64cfa1fcff1acf86a077af16bc593faac60a221b2b18d,2403395,True,True
pd8b-dense-lam100-lr10-s42-rl160,evaluation_log,80,/volume/posttrain/users/lsk/nvc-repo/sgd_rlvr_reproduce/checkpoints/paperD_rl160/pd8b-dense-lam100-lr10-s42-rl160/logs/eval_rlstep080.jsonl,ae062cda523515b7163008739a4272dcb0bafc5a35e62b45cb277ce4526b9f5f,2424879,True,True
pd8b-dense-lam100-lr10-s42-rl160,evaluation_log,120,/volume/posttrain/users/lsk/nvc-repo/sgd_rlvr_reproduce/checkpoints/paperD_rl160/pd8b-dense-lam100-lr10-s42-rl160/logs/eval_rlstep120.jsonl,8db7d7c762972aa5aee9c04246b7901b7b4d97dab48d4371c413fb59662e4476,2414123,True,True
pd8b-dense-lam100-lr10-s42-rl160,evaluation_log,160,/volume/posttrain/users/lsk/nvc-repo/sgd_rlvr_reproduce/checkpoints/paperD_rl160/pd8b-dense-lam100-lr10-s42-rl160/logs/eval_rlstep160.jsonl,538f697b708a466378790f2b7245b3e37e29c78d96805f8a6d7213f9f9dbc13c,2410389,True,True
pd8b-dense-lam100-lr10-s42-rl160,checkpoint_manifest,40,/volume/posttrain/users/lsk/nvc-repo/sgd_rlvr_reproduce/checkpoints/paperD_rl160/pd8b-dense-lam100-lr10-s42-rl160/manifests/checkpoint_rlstep040.sha256,a11490772d872d6c8594f678e589158e9ec22e5ec9ad046951ea5c985073361b,53845,True,True
pd8b-dense-lam100-lr10-s42-rl160,checkpoint_manifest,80,/volume/posttrain/users/lsk/nvc-repo/sgd_rlvr_reproduce/checkpoints/paperD_rl160/pd8b-dense-lam100-lr10-s42-rl160/manifests/checkpoint_rlstep080.sha256,19df062bb2dd29fc2ab2c6ed3ee118d4209871d0f487514fae7b3876cf9fe53a,70594,True,True
pd8b-dense-lam100-lr10-s42-rl160,checkpoint_manifest,120,/volume/posttrain/users/lsk/nvc-repo/sgd_rlvr_reproduce/checkpoints/paperD_rl160/pd8b-dense-lam100-lr10-s42-rl160/manifests/checkpoint_rlstep120.sha256,cd87d027ba52c9fc6ca75df389b03fa840a2de5573f777f6283ea9526d2647a2,54127,True,True
pd8b-dense-lam100-lr10-s42-rl160,checkpoint_manifest,160,/volume/posttrain/users/lsk/nvc-repo/sgd_rlvr_reproduce/checkpoints/paperD_rl160/pd8b-dense-lam100-lr10-s42-rl160/manifests/checkpoint_rlstep160.sha256,aac135fcd760800401f6d70ede97d49af13adfc565446674fe603e1bb9fc2b5e,75845,True,True
pd8b-dense-lam100-lr10-s42-rl160,resolved_config,,/volume/posttrain/users/lsk/nvc-repo/sgd_rlvr_reproduce/checkpoints/paperD_rl160/pd8b-dense-lam100-lr10-s42-rl160/manifests/resolved_config.yaml,409b0513df84b4b2da18cec462b8879061cafe80270aaf61d383ede253aa6209,82993,True,True
pd8b-dense-lam100-lr10-s42-rl160,environment,,/volume/posttrain/users/lsk/nvc-repo/sgd_rlvr_reproduce/checkpoints/paperD_rl160/pd8b-dense-lam100-lr10-s42-rl160/manifests/environment.json,c8d15ba978a02bf8215abddfe5db23d5168cbf7f51b5cc4761145eb46f9dd52a,56221,True,True
pd8b-dense-lam100-lr10-s42-rl160,rollout_prompt_manifest,,/volume/posttrain/users/lsk/nvc-repo/sgd_rlvr_reproduce/checkpoints/paperD_rl160/pd8b-dense-lam100-lr10-s42-rl160/manifests/rollout_prompt_ids.jsonl,15ea8873f6ada6898aada3a2403143c9012c5c9d0800a0f59450625a9274834b,24018335,True,True
pd8b-dense-lam100-lr10-s43-rl160,train_log,,/volume/posttrain/users/lsk/nvc-repo/sgd_rlvr_reproduce/checkpoints/paperD_rl160/pd8b-dense-lam100-lr10-s43-rl160/logs/train_rlstep000_160.jsonl,574f500ef6c3fc471c8afef38eead59be49de9225864ea97d91edf7e34346b94,8015235,True,True
pd8b-dense-lam100-lr10-s43-rl160,evaluation_log,40,/volume/posttrain/users/lsk/nvc-repo/sgd_rlvr_reproduce/checkpoints/paperD_rl160/pd8b-dense-lam100-lr10-s43-rl160/logs/eval_rlstep040.jsonl,4e6d31c254ff385ddde9e55ad7cead2439ff52d12a9ed2329578d991c5ad55df,2404442,True,True
pd8b-dense-lam100-lr10-s43-rl160,evaluation_log,80,/volume/posttrain/users/lsk/nvc-repo/sgd_rlvr_reproduce/checkpoints/paperD_rl160/pd8b-dense-lam100-lr10-s43-rl160/logs/eval_rlstep080.jsonl,5d7e4cb8dadbee4923b5620597af22612300865faabc0b002148e55fae682439,2409747,True,True
pd8b-dense-lam100-lr10-s43-rl160,evaluation_log,120,/volume/posttrain/users/lsk/nvc-repo/sgd_rlvr_reproduce/checkpoints/paperD_rl160/pd8b-dense-lam100-lr10-s43-rl160/logs/eval_rlstep120.jsonl,72add50ee26ed9dbd96eef448d2daa4704b8aa20ed31b7b86362198fc1d96188,2413118,True,True
pd8b-dense-lam100-lr10-s43-rl160,evaluation_log,160,/volume/posttrain/users/lsk/nvc-repo/sgd_rlvr_reproduce/checkpoints/paperD_rl160/pd8b-dense-lam100-lr10-s43-rl160/logs/eval_rlstep160.jsonl,68af7f7adc6a02c6508b2b67d87475897c92275870b7a051560fdce83966ee8b,2422051,True,True
pd8b-dense-lam100-lr10-s43-rl160,checkpoint_manifest,40,/volume/posttrain/users/lsk/nvc-repo/sgd_rlvr_reproduce/checkpoints/paperD_rl160/pd8b-dense-lam100-lr10-s43-rl160/manifests/checkpoint_rlstep040.sha256,b60ac6736484aeba7793c8d46f0b5796cc590f742343b710649714a2f60ea3a1,55262,True,True
pd8b-dense-lam100-lr10-s43-rl160,checkpoint_manifest,80,/volume/posttrain/users/lsk/nvc-repo/sgd_rlvr_reproduce/checkpoints/paperD_rl160/pd8b-dense-lam100-lr10-s43-rl160/manifests/checkpoint_rlstep080.sha256,1c82f900f709229c3427fc47c25198ca7a6378b58f3fdffaa2abfd2fa989a329,81656,True,True
pd8b-dense-lam100-lr10-s43-rl160,checkpoint_manifest,120,/volume/posttrain/users/lsk/nvc-repo/sgd_rlvr_reproduce/checkpoints/paperD_rl160/pd8b-dense-lam100-lr10-s43-rl160/manifests/checkpoint_rlstep120.sha256,65767b8d72406ca932183f081f74a146f7476e8af309cd9da4d3bb3d54f6100a,67310,True,True
pd8b-dense-lam100-lr10-s43-rl160,checkpoint_manifest,160,/volume/posttrain/users/lsk/nvc-repo/sgd_rlvr_reproduce/checkpoints/paperD_rl160/pd8b-dense-lam100-lr10-s43-rl160/manifests/checkpoint_rlstep160.sha256,0d3812dc7c6850c853d68cdf77171e4c2bd89bb5a6a72e269beaa133c512c24c,82743,True,True
pd8b-dense-lam100-lr10-s43-rl160,resolved_config,,/volume/posttrain/users/lsk/nvc-repo/sgd_rlvr_reproduce/checkpoints/paperD_rl160/pd8b-dense-lam100-lr10-s43-rl160/manifests/resolved_config.yaml,b16c444293269cadb27d2d036dc01a0ced2999e61ddacc32d33854af90ce1944,59897,True,True
pd8b-dense-lam100-lr10-s43-rl160,environment,,/volume/posttrain/users/lsk/nvc-repo/sgd_rlvr_reproduce/checkpoints/paperD_rl160/pd8b-dense-lam100-lr10-s43-rl160/manifests/environment.json,e29dda1429332284fe5f9e0421729512995bad0c90b887170092574eb665e157,50458,True,True
pd8b-dense-lam100-lr10-s43-rl160,rollout_prompt_manifest,,/volume/posttrain/users/lsk/nvc-repo/sgd_rlvr_reproduce/checkpoints/paperD_rl160/pd8b-dense-lam100-lr10-s43-rl160/manifests/rollout_prompt_ids.jsonl,9b73ed18e04837a394ef7db798de97d0f7a87165aaa91ffc4f6dedbcca46d02c,24048141,True,True
pd8b-dense-lam100-lr10-s44-rl160,train_log,,/volume/posttrain/users/lsk/nvc-repo/sgd_rlvr_reproduce/checkpoints/paperD_rl160/pd8b-dense-lam100-lr10-s44-rl160/logs/train_rlstep000_160.jsonl,60c92f920203f7aae6fdf203929aa707ce1b6a58ebf7100186adb051ef581451,8012083,True,True
pd8b-dense-lam100-lr10-s44-rl160,evaluation_log,40,/volume/posttrain/users/lsk/nvc-repo/sgd_rlvr_reproduce/checkpoints/paperD_rl160/pd8b-dense-lam100-lr10-s44-rl160/logs/eval_rlstep040.jsonl,40decd110449ef2e0c66e3abd54fdfead396cd07ed05a635b4d5853a03c54576,2430989,True,True
pd8b-dense-lam100-lr10-s44-rl160,evaluation_log,80,/volume/posttrain/users/lsk/nvc-repo/sgd_rlvr_reproduce/checkpoints/paperD_rl160/pd8b-dense-lam100-lr10-s44-rl160/logs/eval_rlstep080.jsonl,209726cd4b401fc729cfacf8d44b482e456f1bc010d1baa9d8a512fe095bbd08,2432779,True,True
pd8b-dense-lam100-lr10-s44-rl160,evaluation_log,120,/volume/posttrain/users/lsk/nvc-repo/sgd_rlvr_reproduce/checkpoints/paperD_rl160/pd8b-dense-lam100-lr10-s44-rl160/logs/eval_rlstep120.jsonl,c93dafd1477650db058676eeeea0f6acc06f12e08cb4eaa3f91bcc780af445c9,2446640,True,True
pd8b-dense-lam100-lr10-s44-rl160,evaluation_log,160,/volume/posttrain/users/lsk/nvc-repo/sgd_rlvr_reproduce/checkpoints/paperD_rl160/pd8b-dense-lam100-lr10-s44-rl160/logs/eval_rlstep160.jsonl,1fa5e3075ee4b402412338ce5d6a5b1e8cbeadf71b7a1ce1f7315cb9638b42d0,2407721,True,True
pd8b-dense-lam100-lr10-s44-rl160,checkpoint_manifest,40,/volume/posttrain/users/lsk/nvc-repo/sgd_rlvr_reproduce/checkpoints/paperD_rl160/pd8b-dense-lam100-lr10-s44-rl160/manifests/checkpoint_rlstep040.sha256,6a1b221adf9503002f7d85f24763c14555fa7547e0f681dfccbcda12c99b0ea3,57477,True,True
pd8b-dense-lam100-lr10-s44-rl160,checkpoint_manifest,80,/volume/posttrain/users/lsk/nvc-repo/sgd_rlvr_reproduce/checkpoints/paperD_rl160/pd8b-dense-lam100-lr10-s44-rl160/manifests/checkpoint_rlstep080.sha256,0f0d16d046f30dc64099a2798cd9b8f6449720bc27a078d78422bcf58d2682d0,50255,True,True
pd8b-dense-lam100-lr10-s44-rl160,checkpoint_manifest,120,/volume/posttrain/users/lsk/nvc-repo/sgd_rlvr_reproduce/checkpoints/paperD_rl160/pd8b-dense-lam100-lr10-s44-rl160/manifests/checkpoint_rlstep120.sha256,989e21d5d499f5a45a85b854ad605553bcc4d986e42ab8bc20d3a2b5f0ebdf28,93123,True,True
pd8b-dense-lam100-lr10-s44-rl160,checkpoint_manifest,160,/volume/posttrain/users/lsk/nvc-repo/sgd_rlvr_reproduce/checkpoints/paperD_rl160/pd8b-dense-lam100-lr10-s44-rl160/manifests/checkpoint_rlstep160.sha256,65a96d0d83c71f3d3fb9d2bfe977d154bf939c16c010ac9827bcb33958e30a59,78888,True,True
pd8b-dense-lam100-lr10-s44-rl160,resolved_config,,/volume/posttrain/users/lsk/nvc-repo/sgd_rlvr_reproduce/checkpoints/paperD_rl160/pd8b-dense-lam100-lr10-s44-rl160/manifests/resolved_config.yaml,eb6be6575651fdf5c69f09f49e2eac084bb00dc310fe4cedbc33513fcc470465,49125,True,True
pd8b-dense-lam100-lr10-s44-rl160,environment,,/volume/posttrain/users/lsk/nvc-repo/sgd_rlvr_reproduce/checkpoints/paperD_rl160/pd8b-dense-lam100-lr10-s44-rl160/manifests/environment.json,40a7bd2fa9b5d5f331551a01fd1c54e39b91281991a480c7adba7c27f844ca63,34264,True,True
pd8b-dense-lam100-lr10-s44-rl160,rollout_prompt_manifest,,/volume/posttrain/users/lsk/nvc-repo/sgd_rlvr_reproduce/checkpoints/paperD_rl160/pd8b-dense-lam100-lr10-s44-rl160/manifests/rollout_prompt_ids.jsonl,39a1475aef81b705ec483649a593a1c3765dd14fbb5d10b2f78c7f50ac5615ec,24020962,True,True
pd8b-dense-lam100-lr20-s42-rl160,train_log,,/volume/posttrain/users/lsk/nvc-repo/sgd_rlvr_reproduce/checkpoints/paperD_rl160/pd8b-dense-lam100-lr20-s42-rl160/logs/train_rlstep000_160.jsonl,280777e53fe150929f90e758edfcaf6fe804a808736b50081ca056356a5f20a5,8033293,True,True
pd8b-dense-lam100-lr20-s42-rl160,evaluation_log,40,/volume/posttrain/users/lsk/nvc-repo/sgd_rlvr_reproduce/checkpoints/paperD_rl160/pd8b-dense-lam100-lr20-s42-rl160/logs/eval_rlstep040.jsonl,37e3b125749cd68e60e52e0a1285808b80f30b277df82876bffeaebfca1c8bb8,2449133,True,True
pd8b-dense-lam100-lr20-s42-rl160,evaluation_log,80,/volume/posttrain/users/lsk/nvc-repo/sgd_rlvr_reproduce/checkpoints/paperD_rl160/pd8b-dense-lam100-lr20-s42-rl160/logs/eval_rlstep080.jsonl,54675822589bd6e4de38aafe02eda323fee31133af7c108ae75737b78ef2b7af,2423921,True,True
pd8b-dense-lam100-lr20-s42-rl160,evaluation_log,120,/volume/posttrain/users/lsk/nvc-repo/sgd_rlvr_reproduce/checkpoints/paperD_rl160/pd8b-dense-lam100-lr20-s42-rl160/logs/eval_rlstep120.jsonl,f137ea7aeec8584cd9bdd5dfd06039bf78b84281ec39cf516fbc86a35a189c04,2405644,True,True
pd8b-dense-lam100-lr20-s42-rl160,evaluation_log,160,/volume/posttrain/users/lsk/nvc-repo/sgd_rlvr_reproduce/checkpoints/paperD_rl160/pd8b-dense-lam100-lr20-s42-rl160/logs/eval_rlstep160.jsonl,ef81f848c14130cb871197aa293ec0acaf4506675989ebc05b2a8d15c366fe01,2436607,True,True
pd8b-dense-lam100-lr20-s42-rl160,checkpoint_manifest,40,/volume/posttrain/users/lsk/nvc-repo/sgd_rlvr_reproduce/checkpoints/paperD_rl160/pd8b-dense-lam100-lr20-s42-rl160/manifests/checkpoint_rlstep040.sha256,7e496ac0619a4774150ef2633a95918234ffb597fb7043f375ceb973214f15ad,65008,True,True
pd8b-dense-lam100-lr20-s42-rl160,checkpoint_manifest,80,/volume/posttrain/users/lsk/nvc-repo/sgd_rlvr_reproduce/checkpoints/paperD_rl160/pd8b-dense-lam100-lr20-s42-rl160/manifests/checkpoint_rlstep080.sha256,c91dcaf8c749708e2d463331a5750794226e71e0badb1e081d84bcfa406da03f,70150,True,True
pd8b-dense-lam100-lr20-s42-rl160,checkpoint_manifest,120,/volume/posttrain/users/lsk/nvc-repo/sgd_rlvr_reproduce/checkpoints/paperD_rl160/pd8b-dense-lam100-lr20-s42-rl160/manifests/checkpoint_rlstep120.sha256,5e19a18bb6f7716b12b8cda4cb1e30409b82d00ced78db3490596cdbcdde6e3d,79542,True,True
pd8b-dense-lam100-lr20-s42-rl160,checkpoint_manifest,160,/volume/posttrain/users/lsk/nvc-repo/sgd_rlvr_reproduce/checkpoints/paperD_rl160/pd8b-dense-lam100-lr20-s42-rl160/manifests/checkpoint_rlstep160.sha256,8c1aed8d22ce493199a4b61bebb4de5b47f58c145775ee35135ee4574ccc2d28,92787,True,True
pd8b-dense-lam100-lr20-s42-rl160,resolved_config,,/volume/posttrain/users/lsk/nvc-repo/sgd_rlvr_reproduce/checkpoints/paperD_rl160/pd8b-dense-lam100-lr20-s42-rl160/manifests/resolved_config.yaml,ca19a341b02c2869ad7b41ce17b930ab303619d91ee9239908027e678a420916,63809,True,True
pd8b-dense-lam100-lr20-s42-rl160,environment,,/volume/posttrain/users/lsk/nvc-repo/sgd_rlvr_reproduce/checkpoints/paperD_rl160/pd8b-dense-lam100-lr20-s42-rl160/manifests/environment.json,42f44e6d8201490548ce2baefc11798b058f4564a3eb4297aa5cec0f30e54678,50821,True,True
pd8b-dense-lam100-lr20-s42-rl160,rollout_prompt_manifest,,/volume/posttrain/users/lsk/nvc-repo/sgd_rlvr_reproduce/checkpoints/paperD_rl160/pd8b-dense-lam100-lr20-s42-rl160/manifests/rollout_prompt_ids.jsonl,a65450e20bd4df97bf4f816c06dcb36e3c6ec268ea0867695f449879c034bbf2,24019531,True,True
pd8b-dense-lam100-lr20-s43-rl160,train_log,,/volume/posttrain/users/lsk/nvc-repo/sgd_rlvr_reproduce/checkpoints/paperD_rl160/pd8b-dense-lam100-lr20-s43-rl160/logs/train_rlstep000_160.jsonl,1f219a41d972cb55166b1784a46c1e9234d367d3f6075bbe2a63b64965645535,8004269,True,True
pd8b-dense-lam100-lr20-s43-rl160,evaluation_log,40,/volume/posttrain/users/lsk/nvc-repo/sgd_rlvr_reproduce/checkpoints/paperD_rl160/pd8b-dense-lam100-lr20-s43-rl160/logs/eval_rlstep040.jsonl,38bd2c7a5cf20f50c5d0e6b1efb181ccd7deaa2aa50b5e89f9ccc2c6901abafd,2419022,True,True
pd8b-dense-lam100-lr20-s43-rl160,evaluation_log,80,/volume/posttrain/users/lsk/nvc-repo/sgd_rlvr_reproduce/checkpoints/paperD_rl160/pd8b-dense-lam100-lr20-s43-rl160/logs/eval_rlstep080.jsonl,36c052b6c8d84d13a3423521e72a9a18ee431981782a482d3c412176ab66b1a1,2438980,True,True
pd8b-dense-lam100-lr20-s43-rl160,evaluation_log,120,/volume/posttrain/users/lsk/nvc-repo/sgd_rlvr_reproduce/checkpoints/paperD_rl160/pd8b-dense-lam100-lr20-s43-rl160/logs/eval_rlstep120.jsonl,9c275a2edbcb74bb2edc4a5007d59353fbae09a83e855d3cab4788d4ae00b01e,2421895,True,True
pd8b-dense-lam100-lr20-s43-rl160,evaluation_log,160,/volume/posttrain/users/lsk/nvc-repo/sgd_rlvr_reproduce/checkpoints/paperD_rl160/pd8b-dense-lam100-lr20-s43-rl160/logs/eval_rlstep160.jsonl,3d0924c1ed8c0c4a74dcedc482a9219e93b27cee6cf2f23df5a971a6a1bbdcd0,2442593,True,True
pd8b-dense-lam100-lr20-s43-rl160,checkpoint_manifest,40,/volume/posttrain/users/lsk/nvc-repo/sgd_rlvr_reproduce/checkpoints/paperD_rl160/pd8b-dense-lam100-lr20-s43-rl160/manifests/checkpoint_rlstep040.sha256,4f6e6a207e4d01bad7b1eecc87e6f429bbd0aaf05ccbaaf987d924613bbcacd9,73347,True,True
pd8b-dense-lam100-lr20-s43-rl160,checkpoint_manifest,80,/volume/posttrain/users/lsk/nvc-repo/sgd_rlvr_reproduce/checkpoints/paperD_rl160/pd8b-dense-lam100-lr20-s43-rl160/manifests/checkpoint_rlstep080.sha256,79ed5200b6db8f0e5c260adc843e3f358de96be93e8a063a1f8678b5e0becc77,75054,True,True
pd8b-dense-lam100-lr20-s43-rl160,checkpoint_manifest,120,/volume/posttrain/users/lsk/nvc-repo/sgd_rlvr_reproduce/checkpoints/paperD_rl160/pd8b-dense-lam100-lr20-s43-rl160/manifests/checkpoint_rlstep120.sha256,9974c8cceb3e8cd9d92ffb55a625e74d5dce8fb1c31a654b5a9481043df4937e,54330,True,True
pd8b-dense-lam100-lr20-s43-rl160,checkpoint_manifest,160,/volume/posttrain/users/lsk/nvc-repo/sgd_rlvr_reproduce/checkpoints/paperD_rl160/pd8b-dense-lam100-lr20-s43-rl160/manifests/checkpoint_rlstep160.sha256,90df694b15cb080cd88a99d464856b756b42779a4de5a9a5ffcb042cf2aa332b,93998,True,True
pd8b-dense-lam100-lr20-s43-rl160,resolved_config,,/volume/posttrain/users/lsk/nvc-repo/sgd_rlvr_reproduce/checkpoints/paperD_rl160/pd8b-dense-lam100-lr20-s43-rl160/manifests/resolved_config.yaml,3a341eba6fc92add4b2a3996d6cab3a86039d77260b558f24bd5a1c950726e7c,44356,True,True
pd8b-dense-lam100-lr20-s43-rl160,environment,,/volume/posttrain/users/lsk/nvc-repo/sgd_rlvr_reproduce/checkpoints/paperD_rl160/pd8b-dense-lam100-lr20-s43-rl160/manifests/environment.json,50f800e659021cdb4a3cbc79c0e263a764e40be1ed61f9833e08d3515b7b4a22,26314,True,True
pd8b-dense-lam100-lr20-s43-rl160,rollout_prompt_manifest,,/volume/posttrain/users/lsk/nvc-repo/sgd_rlvr_reproduce/checkpoints/paperD_rl160/pd8b-dense-lam100-lr20-s43-rl160/manifests/rollout_prompt_ids.jsonl,4ce0194bd95b02d677d509e7b41b2e4c8f4481612fd4779a09df2ad50c30d557,24009715,True,True
pd8b-dense-lam100-lr20-s44-rl160,train_log,,/volume/posttrain/users/lsk/nvc-repo/sgd_rlvr_reproduce/checkpoints/paperD_rl160/pd8b-dense-lam100-lr20-s44-rl160/logs/train_rlstep000_160.jsonl,0ad3219196f33b878964d8e834fac4e9ba7f7bf36829b563bc5988672ab3aa72,8011055,True,True
pd8b-dense-lam100-lr20-s44-rl160,evaluation_log,40,/volume/posttrain/users/lsk/nvc-repo/sgd_rlvr_reproduce/checkpoints/paperD_rl160/pd8b-dense-lam100-lr20-s44-rl160/logs/eval_rlstep040.jsonl,65ae47d26cd1328e69d3871079ee4c5aa4bc47e4b1b91c419c02edeb93c6fe19,2414759,True,True
pd8b-dense-lam100-lr20-s44-rl160,evaluation_log,80,/volume/posttrain/users/lsk/nvc-repo/sgd_rlvr_reproduce/checkpoints/paperD_rl160/pd8b-dense-lam100-lr20-s44-rl160/logs/eval_rlstep080.jsonl,da7a3cc359cf80c4557bf2f31d39b61a86da155893409113172c62015150fa60,2443157,True,True
pd8b-dense-lam100-lr20-s44-rl160,evaluation_log,120,/volume/posttrain/users/lsk/nvc-repo/sgd_rlvr_reproduce/checkpoints/paperD_rl160/pd8b-dense-lam100-lr20-s44-rl160/logs/eval_rlstep120.jsonl,4d479607401dcb3d1a889c637bdaf154fbbc8e5dc7866a1bb999d813ac18c537,2448823,True,True
pd8b-dense-lam100-lr20-s44-rl160,evaluation_log,160,/volume/posttrain/users/lsk/nvc-repo/sgd_rlvr_reproduce/checkpoints/paperD_rl160/pd8b-dense-lam100-lr20-s44-rl160/logs/eval_rlstep160.jsonl,910f0c6a0d7bf3dc39e24737e2e9d371f1e97a662e5a974a0f52218b7657a24f,2437272,True,True
pd8b-dense-lam100-lr20-s44-rl160,checkpoint_manifest,40,/volume/posttrain/users/lsk/nvc-repo/sgd_rlvr_reproduce/checkpoints/paperD_rl160/pd8b-dense-lam100-lr20-s44-rl160/manifests/checkpoint_rlstep040.sha256,907449bed41f35b9828cea05a881c50b678114a94308f7ae185d8795512b66c2,62550,True,True
pd8b-dense-lam100-lr20-s44-rl160,checkpoint_manifest,80,/volume/posttrain/users/lsk/nvc-repo/sgd_rlvr_reproduce/checkpoints/paperD_rl160/pd8b-dense-lam100-lr20-s44-rl160/manifests/checkpoint_rlstep080.sha256,40e723ac8ab1ffd1fa82742ad15ffe99a6ff5d39f852fef995df0ea7098f1c24,93405,True,True
pd8b-dense-lam100-lr20-s44-rl160,checkpoint_manifest,120,/volume/posttrain/users/lsk/nvc-repo/sgd_rlvr_reproduce/checkpoints/paperD_rl160/pd8b-dense-lam100-lr20-s44-rl160/manifests/checkpoint_rlstep120.sha256,afa1a0c72e83029be0461556816246d1df4ef8d12a7762fec6ad5eb8460dcec7,52534,True,True
pd8b-dense-lam100-lr20-s44-rl160,checkpoint_manifest,160,/volume/posttrain/users/lsk/nvc-repo/sgd_rlvr_reproduce/checkpoints/paperD_rl160/pd8b-dense-lam100-lr20-s44-rl160/manifests/checkpoint_rlstep160.sha256,ed89f4a50b6e98a1ea937cc42109d0cf3ae455c12dfb8d1af355adb4c15011f8,75026,True,True
pd8b-dense-lam100-lr20-s44-rl160,resolved_config,,/volume/posttrain/users/lsk/nvc-repo/sgd_rlvr_reproduce/checkpoints/paperD_rl160/pd8b-dense-lam100-lr20-s44-rl160/manifests/resolved_config.yaml,193e3f7dc6c611c2b2206628aa7fbe1323595497155b44cca933376393960d72,82027,True,True
pd8b-dense-lam100-lr20-s44-rl160,environment,,/volume/posttrain/users/lsk/nvc-repo/sgd_rlvr_reproduce/checkpoints/paperD_rl160/pd8b-dense-lam100-lr20-s44-rl160/manifests/environment.json,c4a5aa6704ccc075d269612ba1c8422d8146f906c2bedd767fe775290fbb8315,25749,True,True
pd8b-dense-lam100-lr20-s44-rl160,rollout_prompt_manifest,,/volume/posttrain/users/lsk/nvc-repo/sgd_rlvr_reproduce/checkpoints/paperD_rl160/pd8b-dense-lam100-lr20-s44-rl160/manifests/rollout_prompt_ids.jsonl,fd5d9a07601aff4e5dad0847080be5c1b3108bab19cf57035d158a5129bd24ec,24026020,True,True
pd8b-dense-lam010-lr01-s42-rl160,train_log,,/volume/posttrain/users/lsk/nvc-repo/sgd_rlvr_reproduce/checkpoints/paperD_rl160/pd8b-dense-lam010-lr01-s42-rl160/logs/train_rlstep000_160.jsonl,4676b534f398484cb8b9ca5492ec8e98d58729bc4be0d9baaa8e992f67e1a3d4,8008207,True,True
pd8b-dense-lam010-lr01-s42-rl160,evaluation_log,40,/volume/posttrain/users/lsk/nvc-repo/sgd_rlvr_reproduce/checkpoints/paperD_rl160/pd8b-dense-lam010-lr01-s42-rl160/logs/eval_rlstep040.jsonl,219bf060cdff026bc52ac92294fdee7d7ffc54273b72bed18926523b1de1f408,2407982,True,True
pd8b-dense-lam010-lr01-s42-rl160,evaluation_log,80,/volume/posttrain/users/lsk/nvc-repo/sgd_rlvr_reproduce/checkpoints/paperD_rl160/pd8b-dense-lam010-lr01-s42-rl160/logs/eval_rlstep080.jsonl,302008562a43acf635b267c1844742a6d10cde7a9d20219cf45878fd41ffe6ae,2411806,True,True
pd8b-dense-lam010-lr01-s42-rl160,evaluation_log,120,/volume/posttrain/users/lsk/nvc-repo/sgd_rlvr_reproduce/checkpoints/paperD_rl160/pd8b-dense-lam010-lr01-s42-rl160/logs/eval_rlstep120.jsonl,0b53fc1a5bf1b8275f820ec6fe97850948e1016ed92e6652f67609c1e7c8577a,2424106,True,True
pd8b-dense-lam010-lr01-s42-rl160,evaluation_log,160,/volume/posttrain/users/lsk/nvc-repo/sgd_rlvr_reproduce/checkpoints/paperD_rl160/pd8b-dense-lam010-lr01-s42-rl160/logs/eval_rlstep160.jsonl,dfab72c3577db4b1101c0eaf89a05ea66f5ddedfdc9c6c861b765124de49d965,2440618,True,True
pd8b-dense-lam010-lr01-s42-rl160,checkpoint_manifest,40,/volume/posttrain/users/lsk/nvc-repo/sgd_rlvr_reproduce/checkpoints/paperD_rl160/pd8b-dense-lam010-lr01-s42-rl160/manifests/checkpoint_rlstep040.sha256,dd04bb836891d0885645d1e5b0acabe82909da182284d59748d7492c81f3ef5c,92015,True,True
pd8b-dense-lam010-lr01-s42-rl160,checkpoint_manifest,80,/volume/posttrain/users/lsk/nvc-repo/sgd_rlvr_reproduce/checkpoints/paperD_rl160/pd8b-dense-lam010-lr01-s42-rl160/manifests/checkpoint_rlstep080.sha256,22a0244e53046d679e5630b3ab49546fe0af6d7b0db41e1cba99de1f7b3e58ef,91297,True,True
pd8b-dense-lam010-lr01-s42-rl160,checkpoint_manifest,120,/volume/posttrain/users/lsk/nvc-repo/sgd_rlvr_reproduce/checkpoints/paperD_rl160/pd8b-dense-lam010-lr01-s42-rl160/manifests/checkpoint_rlstep120.sha256,ec69e3ad40791f217674e2ba568339f0e7f3e65e6123a6d4233907cef06e14dc,84582,True,True
pd8b-dense-lam010-lr01-s42-rl160,checkpoint_manifest,160,/volume/posttrain/users/lsk/nvc-repo/sgd_rlvr_reproduce/checkpoints/paperD_rl160/pd8b-dense-lam010-lr01-s42-rl160/manifests/checkpoint_rlstep160.sha256,4e1159702fe72c0ce3cfbaf62cd1eb3e68503dab1c8c0c11da21acfdf5bfc25e,50781,True,True
pd8b-dense-lam010-lr01-s42-rl160,resolved_config,,/volume/posttrain/users/lsk/nvc-repo/sgd_rlvr_reproduce/checkpoints/paperD_rl160/pd8b-dense-lam010-lr01-s42-rl160/manifests/resolved_config.yaml,362296c93b98e05135bb658df58e389b82c8f0ff77aca67bf43ae4e9e0ec2c39,36443,True,True
pd8b-dense-lam010-lr01-s42-rl160,environment,,/volume/posttrain/users/lsk/nvc-repo/sgd_rlvr_reproduce/checkpoints/paperD_rl160/pd8b-dense-lam010-lr01-s42-rl160/manifests/environment.json,0eba362f2a8e9c836eab3fe2b653d859a53d126cce94b26ce367d824960e3135,28563,True,True
pd8b-dense-lam010-lr01-s42-rl160,rollout_prompt_manifest,,/volume/posttrain/users/lsk/nvc-repo/sgd_rlvr_reproduce/checkpoints/paperD_rl160/pd8b-dense-lam010-lr01-s42-rl160/manifests/rollout_prompt_ids.jsonl,4d4d79a3255204966ec9c0e419758e383579736779335c0a955ee6a0a0e5bfd1,24011057,True,True
pd8b-dense-lam010-lr01-s43-rl160,train_log,,/volume/posttrain/users/lsk/nvc-repo/sgd_rlvr_reproduce/checkpoints/paperD_rl160/pd8b-dense-lam010-lr01-s43-rl160/logs/train_rlstep000_160.jsonl,fb2df7de05a1190796ee3cb5ba9307b4f7bfede9074e7653c7067aca424a7101,8028362,True,True
pd8b-dense-lam010-lr01-s43-rl160,evaluation_log,40,/volume/posttrain/users/lsk/nvc-repo/sgd_rlvr_reproduce/checkpoints/paperD_rl160/pd8b-dense-lam010-lr01-s43-rl160/logs/eval_rlstep040.jsonl,a2c1cdc8d06e1f2136e0d31e710f230931956e51de54053d0b33ef6e48029867,2426590,True,True
pd8b-dense-lam010-lr01-s43-rl160,evaluation_log,80,/volume/posttrain/users/lsk/nvc-repo/sgd_rlvr_reproduce/checkpoints/paperD_rl160/pd8b-dense-lam010-lr01-s43-rl160/logs/eval_rlstep080.jsonl,d26a2fa6a6c678647703f465fa6b8758223708338acb44a98ecd4421156da74c,2440936,True,True
pd8b-dense-lam010-lr01-s43-rl160,evaluation_log,120,/volume/posttrain/users/lsk/nvc-repo/sgd_rlvr_reproduce/checkpoints/paperD_rl160/pd8b-dense-lam010-lr01-s43-rl160/logs/eval_rlstep120.jsonl,fb12dca7152ec254e5ee73f0d1c0af1b71a55cb87455a5414c6dafc1e3485351,2439699,True,True
pd8b-dense-lam010-lr01-s43-rl160,evaluation_log,160,/volume/posttrain/users/lsk/nvc-repo/sgd_rlvr_reproduce/checkpoints/paperD_rl160/pd8b-dense-lam010-lr01-s43-rl160/logs/eval_rlstep160.jsonl,e8b68caa4a0e5afff7592d4884d16cc669ea76b908c2fb22bc9ea9477d205958,2419461,True,True
pd8b-dense-lam010-lr01-s43-rl160,checkpoint_manifest,40,/volume/posttrain/users/lsk/nvc-repo/sgd_rlvr_reproduce/checkpoints/paperD_rl160/pd8b-dense-lam010-lr01-s43-rl160/manifests/checkpoint_rlstep040.sha256,2ebff8dfeb3cf3819c525d1cfd40fff412091d28d009e4c42312e80090387ecb,63163,True,True
pd8b-dense-lam010-lr01-s43-rl160,checkpoint_manifest,80,/volume/posttrain/users/lsk/nvc-repo/sgd_rlvr_reproduce/checkpoints/paperD_rl160/pd8b-dense-lam010-lr01-s43-rl160/manifests/checkpoint_rlstep080.sha256,62a2fbfc7137c71818375363df8031e8700a4efcfd88bd4cee420066a19046b9,55975,True,True
pd8b-dense-lam010-lr01-s43-rl160,checkpoint_manifest,120,/volume/posttrain/users/lsk/nvc-repo/sgd_rlvr_reproduce/checkpoints/paperD_rl160/pd8b-dense-lam010-lr01-s43-rl160/manifests/checkpoint_rlstep120.sha256,1e1f96c04baafe1d7d0d136b7d94a308d3b8494a745355c6d8c86fd22c9077e6,82114,True,True
pd8b-dense-lam010-lr01-s43-rl160,checkpoint_manifest,160,/volume/posttrain/users/lsk/nvc-repo/sgd_rlvr_reproduce/checkpoints/paperD_rl160/pd8b-dense-lam010-lr01-s43-rl160/manifests/checkpoint_rlstep160.sha256,4e14d00992f83577d5eecf542e0484181424818f6e58ee37152e4bf6ff0c10d8,72341,True,True
pd8b-dense-lam010-lr01-s43-rl160,resolved_config,,/volume/posttrain/users/lsk/nvc-repo/sgd_rlvr_reproduce/checkpoints/paperD_rl160/pd8b-dense-lam010-lr01-s43-rl160/manifests/resolved_config.yaml,9d67fab7623f7beea2d38e4b62853db314b42026d490e58ee595670a76933922,72297,True,True
pd8b-dense-lam010-lr01-s43-rl160,environment,,/volume/posttrain/users/lsk/nvc-repo/sgd_rlvr_reproduce/checkpoints/paperD_rl160/pd8b-dense-lam010-lr01-s43-rl160/manifests/environment.json,afd9c787671c8ffb096080ee92ccfcf94ec1f45313b1b958267a2dfff8a179c6,13724,True,True
pd8b-dense-lam010-lr01-s43-rl160,rollout_prompt_manifest,,/volume/posttrain/users/lsk/nvc-repo/sgd_rlvr_reproduce/checkpoints/paperD_rl160/pd8b-dense-lam010-lr01-s43-rl160/manifests/rollout_prompt_ids.jsonl,34ac058242f7d11dd8cec83a538e420f108bbc10bd1972703af0ec150572cccd,24019580,True,True
pd8b-dense-lam010-lr01-s44-rl160,train_log,,/volume/posttrain/users/lsk/nvc-repo/sgd_rlvr_reproduce/checkpoints/paperD_rl160/pd8b-dense-lam010-lr01-s44-rl160/logs/train_rlstep000_160.jsonl,29843ab9169698156d2efb1d46bae7fb28e67b5d92a6fb13f35781716cfc0666,8041202,True,True
pd8b-dense-lam010-lr01-s44-rl160,evaluation_log,40,/volume/posttrain/users/lsk/nvc-repo/sgd_rlvr_reproduce/checkpoints/paperD_rl160/pd8b-dense-lam010-lr01-s44-rl160/logs/eval_rlstep040.jsonl,8fdee2a580fba0d51fc52ff04501346d918ad2e9c473cd5e50ef5ba6a9d14269,2400381,True,True
pd8b-dense-lam010-lr01-s44-rl160,evaluation_log,80,/volume/posttrain/users/lsk/nvc-repo/sgd_rlvr_reproduce/checkpoints/paperD_rl160/pd8b-dense-lam010-lr01-s44-rl160/logs/eval_rlstep080.jsonl,a4e31d485741b4a8e4a914faecdb0dcc34d9c3661ae6a166807d7081937189ad,2401351,True,True
pd8b-dense-lam010-lr01-s44-rl160,evaluation_log,120,/volume/posttrain/users/lsk/nvc-repo/sgd_rlvr_reproduce/checkpoints/paperD_rl160/pd8b-dense-lam010-lr01-s44-rl160/logs/eval_rlstep120.jsonl,61d01cf6ab7d1f31f7b6fa0b047cb08077b5657deb5e7882dd671a1ab08e3cee,2440840,True,True
pd8b-dense-lam010-lr01-s44-rl160,evaluation_log,160,/volume/posttrain/users/lsk/nvc-repo/sgd_rlvr_reproduce/checkpoints/paperD_rl160/pd8b-dense-lam010-lr01-s44-rl160/logs/eval_rlstep160.jsonl,1ce3e4a1f174e3d05210ca71254836b672332bd418625f07e708d7fed21ba520,2419634,True,True
pd8b-dense-lam010-lr01-s44-rl160,checkpoint_manifest,40,/volume/posttrain/users/lsk/nvc-repo/sgd_rlvr_reproduce/checkpoints/paperD_rl160/pd8b-dense-lam010-lr01-s44-rl160/manifests/checkpoint_rlstep040.sha256,cc066303acbab0c777d8cc47f4082454307229c83872173860e518d7cb797a0f,95534,True,True
pd8b-dense-lam010-lr01-s44-rl160,checkpoint_manifest,80,/volume/posttrain/users/lsk/nvc-repo/sgd_rlvr_reproduce/checkpoints/paperD_rl160/pd8b-dense-lam010-lr01-s44-rl160/manifests/checkpoint_rlstep080.sha256,80c8a5415cd912b519e3a4164cc7dbdef2ddfa80ab70ec1bface33c22677aa6d,88456,True,True
pd8b-dense-lam010-lr01-s44-rl160,checkpoint_manifest,120,/volume/posttrain/users/lsk/nvc-repo/sgd_rlvr_reproduce/checkpoints/paperD_rl160/pd8b-dense-lam010-lr01-s44-rl160/manifests/checkpoint_rlstep120.sha256,f05ec5214bb7d465a7bdf1503fcccd4bfdbdc400d8bb7fcac3e7223739f441a5,90153,True,True
pd8b-dense-lam010-lr01-s44-rl160,checkpoint_manifest,160,/volume/posttrain/users/lsk/nvc-repo/sgd_rlvr_reproduce/checkpoints/paperD_rl160/pd8b-dense-lam010-lr01-s44-rl160/manifests/checkpoint_rlstep160.sha256,bcdea3d153bd1d4d8647163e233c14575cefe8ed826d75b18fb35d6676abeee8,93784,True,True
pd8b-dense-lam010-lr01-s44-rl160,resolved_config,,/volume/posttrain/users/lsk/nvc-repo/sgd_rlvr_reproduce/checkpoints/paperD_rl160/pd8b-dense-lam010-lr01-s44-rl160/manifests/resolved_config.yaml,3e6271ffcbaa2a233c19607c09489c42106eb299b8bc2f87d970aec6014542d1,59298,True,True
pd8b-dense-lam010-lr01-s44-rl160,environment,,/volume/posttrain/users/lsk/nvc-repo/sgd_rlvr_reproduce/checkpoints/paperD_rl160/pd8b-dense-lam010-lr01-s44-rl160/manifests/environment.json,bdaacedebf392f85ec6df859aa43a3381f04bc44f1607c590deafbade798dbfa,53966,True,True
pd8b-dense-lam010-lr01-s44-rl160,rollout_prompt_manifest,,/volume/posttrain/users/lsk/nvc-repo/sgd_rlvr_reproduce/checkpoints/paperD_rl160/pd8b-dense-lam010-lr01-s44-rl160/manifests/rollout_prompt_ids.jsonl,2b1afc5c483800a94b33c525d45010a7ecac36a2cfa870c9e548333067fbf6fe,24042243,True,True
pd8b-dense-lam010-lr05-s42-rl160,train_log,,/volume/posttrain/users/lsk/nvc-repo/sgd_rlvr_reproduce/checkpoints/paperD_rl160/pd8b-dense-lam010-lr05-s42-rl160/logs/train_rlstep000_160.jsonl,d602cf6668312da8553e756f13e706bbbb0433255311c861c37c52897bb90492,8049457,True,True
pd8b-dense-lam010-lr05-s42-rl160,evaluation_log,40,/volume/posttrain/users/lsk/nvc-repo/sgd_rlvr_reproduce/checkpoints/paperD_rl160/pd8b-dense-lam010-lr05-s42-rl160/logs/eval_rlstep040.jsonl,1ab7d686ed10bbcf45604aeb7b67f404e5da1f93de414fc05b700931ad636385,2423589,True,True
pd8b-dense-lam010-lr05-s42-rl160,evaluation_log,80,/volume/posttrain/users/lsk/nvc-repo/sgd_rlvr_reproduce/checkpoints/paperD_rl160/pd8b-dense-lam010-lr05-s42-rl160/logs/eval_rlstep080.jsonl,4d9cda4cb49c0bd392882d4b6d0a6941d041c075edcc4569c174e6a1b9f93ccb,2449946,True,True
pd8b-dense-lam010-lr05-s42-rl160,evaluation_log,120,/volume/posttrain/users/lsk/nvc-repo/sgd_rlvr_reproduce/checkpoints/paperD_rl160/pd8b-dense-lam010-lr05-s42-rl160/logs/eval_rlstep120.jsonl,d3427004196bb2353e35c8591980645e0a16a3f118807dc7a4e8f2d60771fcb5,2444701,True,True
pd8b-dense-lam010-lr05-s42-rl160,evaluation_log,160,/volume/posttrain/users/lsk/nvc-repo/sgd_rlvr_reproduce/checkpoints/paperD_rl160/pd8b-dense-lam010-lr05-s42-rl160/logs/eval_rlstep160.jsonl,3707885b96d0ce1eb2f5cde92aa93af64ba1a375d43ec29a00b7f4921974d711,2417060,True,True
pd8b-dense-lam010-lr05-s42-rl160,checkpoint_manifest,40,/volume/posttrain/users/lsk/nvc-repo/sgd_rlvr_reproduce/checkpoints/paperD_rl160/pd8b-dense-lam010-lr05-s42-rl160/manifests/checkpoint_rlstep040.sha256,90d413921369f2faa31d805211200bfff0e0b2b0d3d43bab1ff2b810bcec898b,80264,True,True
pd8b-dense-lam010-lr05-s42-rl160,checkpoint_manifest,80,/volume/posttrain/users/lsk/nvc-repo/sgd_rlvr_reproduce/checkpoints/paperD_rl160/pd8b-dense-lam010-lr05-s42-rl160/manifests/checkpoint_rlstep080.sha256,958515414fafa633e5f8977f18440900087ca260bf21535d0fa9a0a0d96dce47,72306,True,True
pd8b-dense-lam010-lr05-s42-rl160,checkpoint_manifest,120,/volume/posttrain/users/lsk/nvc-repo/sgd_rlvr_reproduce/checkpoints/paperD_rl160/pd8b-dense-lam010-lr05-s42-rl160/manifests/checkpoint_rlstep120.sha256,f1f95ea5b7c19d08a14e21eacec39fdbbd4f208f3347e68812c7f005903a060b,79320,True,True
pd8b-dense-lam010-lr05-s42-rl160,checkpoint_manifest,160,/volume/posttrain/users/lsk/nvc-repo/sgd_rlvr_reproduce/checkpoints/paperD_rl160/pd8b-dense-lam010-lr05-s42-rl160/manifests/checkpoint_rlstep160.sha256,d40ecde4b1b28f3f93fba5b08afad79e19587cae8144d6e168bb8e7b8b28e7fa,80917,True,True
pd8b-dense-lam010-lr05-s42-rl160,resolved_config,,/volume/posttrain/users/lsk/nvc-repo/sgd_rlvr_reproduce/checkpoints/paperD_rl160/pd8b-dense-lam010-lr05-s42-rl160/manifests/resolved_config.yaml,a8ca39274af40add55b24d740461911055a6125d716cfbae79d059aa42e41d45,52990,True,True
pd8b-dense-lam010-lr05-s42-rl160,environment,,/volume/posttrain/users/lsk/nvc-repo/sgd_rlvr_reproduce/checkpoints/paperD_rl160/pd8b-dense-lam010-lr05-s42-rl160/manifests/environment.json,26aa61b7c32a8f0ca037f1c37e7cad5ba433be7795734aa1b462af9ae484903c,33826,True,True
pd8b-dense-lam010-lr05-s42-rl160,rollout_prompt_manifest,,/volume/posttrain/users/lsk/nvc-repo/sgd_rlvr_reproduce/checkpoints/paperD_rl160/pd8b-dense-lam010-lr05-s42-rl160/manifests/rollout_prompt_ids.jsonl,26c3a033328e8df391608f1853f58873b2599d7483d6f2c62a01d657f2f0f0b7,24047768,True,True
pd8b-dense-lam010-lr05-s43-rl160,train_log,,/volume/posttrain/users/lsk/nvc-repo/sgd_rlvr_reproduce/checkpoints/paperD_rl160/pd8b-dense-lam010-lr05-s43-rl160/logs/train_rlstep000_160.jsonl,6af1e26aa33a95800fceb613973779b4d9bc109ca69ea35df01347d650e4fdc7,8046341,True,True
pd8b-dense-lam010-lr05-s43-rl160,evaluation_log,40,/volume/posttrain/users/lsk/nvc-repo/sgd_rlvr_reproduce/checkpoints/paperD_rl160/pd8b-dense-lam010-lr05-s43-rl160/logs/eval_rlstep040.jsonl,6dece59fa8dcc05d7d8b8c49da7060ac2ac4fbd7cc1d2834bfdd375987739571,2428318,True,True
pd8b-dense-lam010-lr05-s43-rl160,evaluation_log,80,/volume/posttrain/users/lsk/nvc-repo/sgd_rlvr_reproduce/checkpoints/paperD_rl160/pd8b-dense-lam010-lr05-s43-rl160/logs/eval_rlstep080.jsonl,19fdd5353d0e36d4f1097a743ff60f6bfdb2e2bb9bae225bf7b7b70e125758ef,2428007,True,True
pd8b-dense-lam010-lr05-s43-rl160,evaluation_log,120,/volume/posttrain/users/lsk/nvc-repo/sgd_rlvr_reproduce/checkpoints/paperD_rl160/pd8b-dense-lam010-lr05-s43-rl160/logs/eval_rlstep120.jsonl,542b21a08566206359d37d1c26d436407e6916f63f01975864e7ec32f1d9417d,2445400,True,True
pd8b-dense-lam010-lr05-s43-rl160,evaluation_log,160,/volume/posttrain/users/lsk/nvc-repo/sgd_rlvr_reproduce/checkpoints/paperD_rl160/pd8b-dense-lam010-lr05-s43-rl160/logs/eval_rlstep160.jsonl,9ef5ede2a3d4f856c87d2d366a81a9c353fc5282822ed05c122ca52ea4695105,2448181,True,True
pd8b-dense-lam010-lr05-s43-rl160,checkpoint_manifest,40,/volume/posttrain/users/lsk/nvc-repo/sgd_rlvr_reproduce/checkpoints/paperD_rl160/pd8b-dense-lam010-lr05-s43-rl160/manifests/checkpoint_rlstep040.sha256,1d52e7fe5e3abdb9efc0bcea8bd49124b95aa720188f9e3962ba273edf702c7c,63266,True,True
pd8b-dense-lam010-lr05-s43-rl160,checkpoint_manifest,80,/volume/posttrain/users/lsk/nvc-repo/sgd_rlvr_reproduce/checkpoints/paperD_rl160/pd8b-dense-lam010-lr05-s43-rl160/manifests/checkpoint_rlstep080.sha256,7fd7ae1e0384cea2a05b0a333f157a0d1e45cdc195f4908a96331f06e0526e20,75163,True,True
pd8b-dense-lam010-lr05-s43-rl160,checkpoint_manifest,120,/volume/posttrain/users/lsk/nvc-repo/sgd_rlvr_reproduce/checkpoints/paperD_rl160/pd8b-dense-lam010-lr05-s43-rl160/manifests/checkpoint_rlstep120.sha256,c27a623cf3848ef001af86ba941777005fcba1f910d2dc7a452d1614fd9f51ab,88121,True,True
pd8b-dense-lam010-lr05-s43-rl160,checkpoint_manifest,160,/volume/posttrain/users/lsk/nvc-repo/sgd_rlvr_reproduce/checkpoints/paperD_rl160/pd8b-dense-lam010-lr05-s43-rl160/manifests/checkpoint_rlstep160.sha256,8b2ae0f5ccea2e112c3a56f0c28a8a423d5ab7ab6a48f01a84860d0fa22278bf,58583,True,True
pd8b-dense-lam010-lr05-s43-rl160,resolved_config,,/volume/posttrain/users/lsk/nvc-repo/sgd_rlvr_reproduce/checkpoints/paperD_rl160/pd8b-dense-lam010-lr05-s43-rl160/manifests/resolved_config.yaml,145e5e737b0f343585cf99b7fb34bb560b68c208c72438b63f38329baafb0d5f,56991,True,True
pd8b-dense-lam010-lr05-s43-rl160,environment,,/volume/posttrain/users/lsk/nvc-repo/sgd_rlvr_reproduce/checkpoints/paperD_rl160/pd8b-dense-lam010-lr05-s43-rl160/manifests/environment.json,78d1c06d7d46bf7597ec3c373499144e2cb52e05b97c25c6f9ca638ebe52f2e0,50649,True,True
pd8b-dense-lam010-lr05-s43-rl160,rollout_prompt_manifest,,/volume/posttrain/users/lsk/nvc-repo/sgd_rlvr_reproduce/checkpoints/paperD_rl160/pd8b-dense-lam010-lr05-s43-rl160/manifests/rollout_prompt_ids.jsonl,29d35a99f8540a84ab0cd6c143cd4a5fdd50bdd332cd00147293435e7ad86b0a,24010644,True,True
pd8b-dense-lam010-lr05-s44-rl160,train_log,,/volume/posttrain/users/lsk/nvc-repo/sgd_rlvr_reproduce/checkpoints/paperD_rl160/pd8b-dense-lam010-lr05-s44-rl160/logs/train_rlstep000_160.jsonl,b26ff96f3b11cda0cae927baecc4d7392114d3dddb92a2d9f90bc47b4386f9c0,8043949,True,True
pd8b-dense-lam010-lr05-s44-rl160,evaluation_log,40,/volume/posttrain/users/lsk/nvc-repo/sgd_rlvr_reproduce/checkpoints/paperD_rl160/pd8b-dense-lam010-lr05-s44-rl160/logs/eval_rlstep040.jsonl,1ccf438bedf9c5b35ae06e75b06e334124de9c30853b43e887ba2e08263f4144,2422165,True,True
pd8b-dense-lam010-lr05-s44-rl160,evaluation_log,80,/volume/posttrain/users/lsk/nvc-repo/sgd_rlvr_reproduce/checkpoints/paperD_rl160/pd8b-dense-lam010-lr05-s44-rl160/logs/eval_rlstep080.jsonl,d2a6b7d944e41b56dd2e46734dad19bd67766438d6784154af58162a20be0d09,2440407,True,True
pd8b-dense-lam010-lr05-s44-rl160,evaluation_log,120,/volume/posttrain/users/lsk/nvc-repo/sgd_rlvr_reproduce/checkpoints/paperD_rl160/pd8b-dense-lam010-lr05-s44-rl160/logs/eval_rlstep120.jsonl,177efac1491f394dad1f37932b3f0d4f646613e051b7f783664e0d7e336fe95d,2407710,True,True
pd8b-dense-lam010-lr05-s44-rl160,evaluation_log,160,/volume/posttrain/users/lsk/nvc-repo/sgd_rlvr_reproduce/checkpoints/paperD_rl160/pd8b-dense-lam010-lr05-s44-rl160/logs/eval_rlstep160.jsonl,9b273d7a2caabbe23b4cf45d3163ce4d4255fce10f637105c896c3562bb76407,2449348,True,True
pd8b-dense-lam010-lr05-s44-rl160,checkpoint_manifest,40,/volume/posttrain/users/lsk/nvc-repo/sgd_rlvr_reproduce/checkpoints/paperD_rl160/pd8b-dense-lam010-lr05-s44-rl160/manifests/checkpoint_rlstep040.sha256,3ca9d0e15f99833915b291999d34323d4e9070315653920179acbb8d6498e69b,64537,True,True
pd8b-dense-lam010-lr05-s44-rl160,checkpoint_manifest,80,/volume/posttrain/users/lsk/nvc-repo/sgd_rlvr_reproduce/checkpoints/paperD_rl160/pd8b-dense-lam010-lr05-s44-rl160/manifests/checkpoint_rlstep080.sha256,fc7a9ab4a471533b46cbed44d1b558037d3d332a5deec9af662a77b3194e4878,72679,True,True
pd8b-dense-lam010-lr05-s44-rl160,checkpoint_manifest,120,/volume/posttrain/users/lsk/nvc-repo/sgd_rlvr_reproduce/checkpoints/paperD_rl160/pd8b-dense-lam010-lr05-s44-rl160/manifests/checkpoint_rlstep120.sha256,823559eedc121dcb79e37e83fd2a25991f368c49244401699c19f09f9de94c48,56164,True,True
pd8b-dense-lam010-lr05-s44-rl160,checkpoint_manifest,160,/volume/posttrain/users/lsk/nvc-repo/sgd_rlvr_reproduce/checkpoints/paperD_rl160/pd8b-dense-lam010-lr05-s44-rl160/manifests/checkpoint_rlstep160.sha256,18d9b275db6edd93d948263b1f48ae5d04b12ac84ea6725ecd8b976b2c84c683,57641,True,True
pd8b-dense-lam010-lr05-s44-rl160,resolved_config,,/volume/posttrain/users/lsk/nvc-repo/sgd_rlvr_reproduce/checkpoints/paperD_rl160/pd8b-dense-lam010-lr05-s44-rl160/manifests/resolved_config.yaml,2a28622bfa62eba3d28c859fbf57c06c1d5a6ff907cc96259e422887ec01ae86,60581,True,True
pd8b-dense-lam010-lr05-s44-rl160,environment,,/volume/posttrain/users/lsk/nvc-repo/sgd_rlvr_reproduce/checkpoints/paperD_rl160/pd8b-dense-lam010-lr05-s44-rl160/manifests/environment.json,4a7c0ca5f3d631a210287a121c767c55170ef8652711a270729095301d2100d4,42879,True,True
pd8b-dense-lam010-lr05-s44-rl160,rollout_prompt_manifest,,/volume/posttrain/users/lsk/nvc-repo/sgd_rlvr_reproduce/checkpoints/paperD_rl160/pd8b-dense-lam010-lr05-s44-rl160/manifests/rollout_prompt_ids.jsonl,090985e366b473b5383101c95e28016c490093f19f20ab6a9ed9368d041994ce,24014135,True,True
pd8b-dense-lam010-lr10-s42-rl160,train_log,,/volume/posttrain/users/lsk/nvc-repo/sgd_rlvr_reproduce/checkpoints/paperD_rl160/pd8b-dense-lam010-lr10-s42-rl160/logs/train_rlstep000_160.jsonl,cdf1980989942a322b46903ff0b6fcd3d7ded6ec96cc39ba5ac33a81fa6c8a00,8020721,True,True
pd8b-dense-lam010-lr10-s42-rl160,evaluation_log,40,/volume/posttrain/users/lsk/nvc-repo/sgd_rlvr_reproduce/checkpoints/paperD_rl160/pd8b-dense-lam010-lr10-s42-rl160/logs/eval_rlstep040.jsonl,a9710a6b3c29d6cb103387e94b6a05ac6044f9af901c5855981fa32b5d5a1541,2448409,True,True
pd8b-dense-lam010-lr10-s42-rl160,evaluation_log,80,/volume/posttrain/users/lsk/nvc-repo/sgd_rlvr_reproduce/checkpoints/paperD_rl160/pd8b-dense-lam010-lr10-s42-rl160/logs/eval_rlstep080.jsonl,3342eeada1563b6b169dfca7aebdccebca176d3c05801153bcaec8abf03314e2,2401672,True,True
pd8b-dense-lam010-lr10-s42-rl160,evaluation_log,120,/volume/posttrain/users/lsk/nvc-repo/sgd_rlvr_reproduce/checkpoints/paperD_rl160/pd8b-dense-lam010-lr10-s42-rl160/logs/eval_rlstep120.jsonl,11b6265c40a718861ed76fa9828cb6929d17442b0f13ed5f68a85ff9a74a5932,2447597,True,True
pd8b-dense-lam010-lr10-s42-rl160,evaluation_log,160,/volume/posttrain/users/lsk/nvc-repo/sgd_rlvr_reproduce/checkpoints/paperD_rl160/pd8b-dense-lam010-lr10-s42-rl160/logs/eval_rlstep160.jsonl,5135d5a7252a0ddd7f207eb801ba1e1bcc72ff6ff4f39f5f892d0a29aa9d32d6,2413429,True,True
pd8b-dense-lam010-lr10-s42-rl160,checkpoint_manifest,40,/volume/posttrain/users/lsk/nvc-repo/sgd_rlvr_reproduce/checkpoints/paperD_rl160/pd8b-dense-lam010-lr10-s42-rl160/manifests/checkpoint_rlstep040.sha256,6b1ec91ea8b757c5a7f62f49f7c0eb524e4fe345530c4b672698ac8f44ce1a30,68945,True,True
pd8b-dense-lam010-lr10-s42-rl160,checkpoint_manifest,80,/volume/posttrain/users/lsk/nvc-repo/sgd_rlvr_reproduce/checkpoints/paperD_rl160/pd8b-dense-lam010-lr10-s42-rl160/manifests/checkpoint_rlstep080.sha256,5fff0361fffd71e1f617f566c5f676d81bd7e1a96e0e79632671c28056589f16,60218,True,True
pd8b-dense-lam010-lr10-s42-rl160,checkpoint_manifest,120,/volume/posttrain/users/lsk/nvc-repo/sgd_rlvr_reproduce/checkpoints/paperD_rl160/pd8b-dense-lam010-lr10-s42-rl160/manifests/checkpoint_rlstep120.sha256,cd49628c04d7c2bd19cfef30a5e45a1f7e682a32644a6e1d0bafb23a80112238,57672,True,True
pd8b-dense-lam010-lr10-s42-rl160,checkpoint_manifest,160,/volume/posttrain/users/lsk/nvc-repo/sgd_rlvr_reproduce/checkpoints/paperD_rl160/pd8b-dense-lam010-lr10-s42-rl160/manifests/checkpoint_rlstep160.sha256,7e31ff0ecda1016011f6340e9cb7c821737c0d770353cd6d7f00d43232791e4d,69094,True,True
pd8b-dense-lam010-lr10-s42-rl160,resolved_config,,/volume/posttrain/users/lsk/nvc-repo/sgd_rlvr_reproduce/checkpoints/paperD_rl160/pd8b-dense-lam010-lr10-s42-rl160/manifests/resolved_config.yaml,ab63db9c033dd1fb72cc9f12d9bd782f546d424125ee0f07af72370ded3aec48,50374,True,True
pd8b-dense-lam010-lr10-s42-rl160,environment,,/volume/posttrain/users/lsk/nvc-repo/sgd_rlvr_reproduce/checkpoints/paperD_rl160/pd8b-dense-lam010-lr10-s42-rl160/manifests/environment.json,316d754f2f777a02be89de479268979ebb595192840749fe7f8d0a494ebe3852,15792,True,True
pd8b-dense-lam010-lr10-s42-rl160,rollout_prompt_manifest,,/volume/posttrain/users/lsk/nvc-repo/sgd_rlvr_reproduce/checkpoints/paperD_rl160/pd8b-dense-lam010-lr10-s42-rl160/manifests/rollout_prompt_ids.jsonl,4d8604938e7355c625a1c46fb76aa9f46cd3bfb78fb659ded6c33693b88a280a,24003151,True,True
pd8b-dense-lam010-lr10-s43-rl160,train_log,,/volume/posttrain/users/lsk/nvc-repo/sgd_rlvr_reproduce/checkpoints/paperD_rl160/pd8b-dense-lam010-lr10-s43-rl160/logs/train_rlstep000_160.jsonl,b3c589c2ee2c5991c1848c0f3fb9363fce382fe5c43261f2c4688dabdbf0319a,8018444,True,True
pd8b-dense-lam010-lr10-s43-rl160,evaluation_log,40,/volume/posttrain/users/lsk/nvc-repo/sgd_rlvr_reproduce/checkpoints/paperD_rl160/pd8b-dense-lam010-lr10-s43-rl160/logs/eval_rlstep040.jsonl,d81eaafdf36231107418ec78ea0ff89a2490dfa2f5632fac67aba50083646161,2400122,True,True
pd8b-dense-lam010-lr10-s43-rl160,evaluation_log,80,/volume/posttrain/users/lsk/nvc-repo/sgd_rlvr_reproduce/checkpoints/paperD_rl160/pd8b-dense-lam010-lr10-s43-rl160/logs/eval_rlstep080.jsonl,f962de56ffe267aa413579ec54173bdbeb6c423cd1f019317d03cb1024b16683,2404874,True,True
pd8b-dense-lam010-lr10-s43-rl160,evaluation_log,120,/volume/posttrain/users/lsk/nvc-repo/sgd_rlvr_reproduce/checkpoints/paperD_rl160/pd8b-dense-lam010-lr10-s43-rl160/logs/eval_rlstep120.jsonl,5a6497ec6cd72d031e04b698a98d97d4b36aa4c445dc2aac7ec3409b4bf80d30,2414394,True,True
pd8b-dense-lam010-lr10-s43-rl160,evaluation_log,160,/volume/posttrain/users/lsk/nvc-repo/sgd_rlvr_reproduce/checkpoints/paperD_rl160/pd8b-dense-lam010-lr10-s43-rl160/logs/eval_rlstep160.jsonl,b572b1febd078f7fb33cf4321e86438c3a22af5415ab9da980468ce1bc92fe9b,2438496,True,True
pd8b-dense-lam010-lr10-s43-rl160,checkpoint_manifest,40,/volume/posttrain/users/lsk/nvc-repo/sgd_rlvr_reproduce/checkpoints/paperD_rl160/pd8b-dense-lam010-lr10-s43-rl160/manifests/checkpoint_rlstep040.sha256,c8edd90df9e15d9e7812fa0004cf0e4dda832c536ef3a1ba57567fec45141cdb,69007,True,True
pd8b-dense-lam010-lr10-s43-rl160,checkpoint_manifest,80,/volume/posttrain/users/lsk/nvc-repo/sgd_rlvr_reproduce/checkpoints/paperD_rl160/pd8b-dense-lam010-lr10-s43-rl160/manifests/checkpoint_rlstep080.sha256,9b44d874024bb7e32ad8a843a4e2c0979096e564cc4c6844e10d4e28db5a8251,54798,True,True
pd8b-dense-lam010-lr10-s43-rl160,checkpoint_manifest,120,/volume/posttrain/users/lsk/nvc-repo/sgd_rlvr_reproduce/checkpoints/paperD_rl160/pd8b-dense-lam010-lr10-s43-rl160/manifests/checkpoint_rlstep120.sha256,536cf84990f60b5d84088fba646c792dca769265ee0e12a7295ac56d42bcc07e,87995,True,True
pd8b-dense-lam010-lr10-s43-rl160,checkpoint_manifest,160,/volume/posttrain/users/lsk/nvc-repo/sgd_rlvr_reproduce/checkpoints/paperD_rl160/pd8b-dense-lam010-lr10-s43-rl160/manifests/checkpoint_rlstep160.sha256,9de62e1522383c07fb212eb16ecacd9bf1e9177deb7eb198cded5704318489aa,68606,True,True
pd8b-dense-lam010-lr10-s43-rl160,resolved_config,,/volume/posttrain/users/lsk/nvc-repo/sgd_rlvr_reproduce/checkpoints/paperD_rl160/pd8b-dense-lam010-lr10-s43-rl160/manifests/resolved_config.yaml,5ed0bc86c73b259341b9305e0f2c56cf722f3c17d7e8a5a4891c52459a028d32,83744,True,True
pd8b-dense-lam010-lr10-s43-rl160,environment,,/volume/posttrain/users/lsk/nvc-repo/sgd_rlvr_reproduce/checkpoints/paperD_rl160/pd8b-dense-lam010-lr10-s43-rl160/manifests/environment.json,6f4b507c9401d405b977c8361da5a52e2a8efbe0f43e2299c2a8247703614478,18775,True,True
pd8b-dense-lam010-lr10-s43-rl160,rollout_prompt_manifest,,/volume/posttrain/users/lsk/nvc-repo/sgd_rlvr_reproduce/checkpoints/paperD_rl160/pd8b-dense-lam010-lr10-s43-rl160/manifests/rollout_prompt_ids.jsonl,6f3ff55cd38aa7fdd7e5c9ee4bf17bafb6173acb5cf8e2344f185dc1d8c22d2a,24015738,True,True
pd8b-dense-lam010-lr10-s44-rl160,train_log,,/volume/posttrain/users/lsk/nvc-repo/sgd_rlvr_reproduce/checkpoints/paperD_rl160/pd8b-dense-lam010-lr10-s44-rl160/logs/train_rlstep000_160.jsonl,ca56bdacebd1c1bd5b09f182b994be2a95c7f859fd785d6abb1c45f16b7edf6f,8026187,True,True
pd8b-dense-lam010-lr10-s44-rl160,evaluation_log,40,/volume/posttrain/users/lsk/nvc-repo/sgd_rlvr_reproduce/checkpoints/paperD_rl160/pd8b-dense-lam010-lr10-s44-rl160/logs/eval_rlstep040.jsonl,85f04531ebb8d5bddada570f667a02b2b2df425b004dd43646bb1632469397a7,2444697,True,True
pd8b-dense-lam010-lr10-s44-rl160,evaluation_log,80,/volume/posttrain/users/lsk/nvc-repo/sgd_rlvr_reproduce/checkpoints/paperD_rl160/pd8b-dense-lam010-lr10-s44-rl160/logs/eval_rlstep080.jsonl,914c13ffafd748f9a396fb3a720e23f908f7628a32242b1237d6c650b60c3f9e,2432703,True,True
pd8b-dense-lam010-lr10-s44-rl160,evaluation_log,120,/volume/posttrain/users/lsk/nvc-repo/sgd_rlvr_reproduce/checkpoints/paperD_rl160/pd8b-dense-lam010-lr10-s44-rl160/logs/eval_rlstep120.jsonl,2ffbced044e38f77b90c718f340d605720f325f305a001d4980e23e1fb7e213b,2437366,True,True
pd8b-dense-lam010-lr10-s44-rl160,evaluation_log,160,/volume/posttrain/users/lsk/nvc-repo/sgd_rlvr_reproduce/checkpoints/paperD_rl160/pd8b-dense-lam010-lr10-s44-rl160/logs/eval_rlstep160.jsonl,349678f19f186b225706e066f01706b0b991232a4a1848e5ec6ccd3dcc7889dc,2413581,True,True
pd8b-dense-lam010-lr10-s44-rl160,checkpoint_manifest,40,/volume/posttrain/users/lsk/nvc-repo/sgd_rlvr_reproduce/checkpoints/paperD_rl160/pd8b-dense-lam010-lr10-s44-rl160/manifests/checkpoint_rlstep040.sha256,1e462880494ec0c38f2c7453d5a5d44cddc7b2dec0d5ad0f29231a219d58374d,81814,True,True
pd8b-dense-lam010-lr10-s44-rl160,checkpoint_manifest,80,/volume/posttrain/users/lsk/nvc-repo/sgd_rlvr_reproduce/checkpoints/paperD_rl160/pd8b-dense-lam010-lr10-s44-rl160/manifests/checkpoint_rlstep080.sha256,7fc422e7dcee4b9f287232d18869fd2a49d521dbfc4c42d83796b1139ca9a9c8,70693,True,True
pd8b-dense-lam010-lr10-s44-rl160,checkpoint_manifest,120,/volume/posttrain/users/lsk/nvc-repo/sgd_rlvr_reproduce/checkpoints/paperD_rl160/pd8b-dense-lam010-lr10-s44-rl160/manifests/checkpoint_rlstep120.sha256,727a4db599ddb57108d5f4b0104f7bb6a22c8789b5831c489b54475ac2f61384,89741,True,True
pd8b-dense-lam010-lr10-s44-rl160,checkpoint_manifest,160,/volume/posttrain/users/lsk/nvc-repo/sgd_rlvr_reproduce/checkpoints/paperD_rl160/pd8b-dense-lam010-lr10-s44-rl160/manifests/checkpoint_rlstep160.sha256,7007920f479e425b27906b829be1d3ea7dc4738edcd976e6053741474fb91ca0,52380,True,True
pd8b-dense-lam010-lr10-s44-rl160,resolved_config,,/volume/posttrain/users/lsk/nvc-repo/sgd_rlvr_reproduce/checkpoints/paperD_rl160/pd8b-dense-lam010-lr10-s44-rl160/manifests/resolved_config.yaml,0e32bdbad914d546103ceb2f7d6f8feb334b78a813d5a7ea2d50ceb1150b57c1,50202,True,True
pd8b-dense-lam010-lr10-s44-rl160,environment,,/volume/posttrain/users/lsk/nvc-repo/sgd_rlvr_reproduce/checkpoints/paperD_rl160/pd8b-dense-lam010-lr10-s44-rl160/manifests/environment.json,7da12d2d7dea81e98056dbeec8f6b4df80b11bc04d50d3fb95a644f5dff850bf,35411,True,True
pd8b-dense-lam010-lr10-s44-rl160,rollout_prompt_manifest,,/volume/posttrain/users/lsk/nvc-repo/sgd_rlvr_reproduce/checkpoints/paperD_rl160/pd8b-dense-lam010-lr10-s44-rl160/manifests/rollout_prompt_ids.jsonl,92ef1b56281036c4ad3b7a95a058e385ab45b40713bf6443edc626b497e730e7,24007015,True,True
pd8b-dense-lam010-lr20-s42-rl160,train_log,,/volume/posttrain/users/lsk/nvc-repo/sgd_rlvr_reproduce/checkpoints/paperD_rl160/pd8b-dense-lam010-lr20-s42-rl160/logs/train_rlstep000_160.jsonl,aa4702ed2f94a910d401587d665b0456aa184943ca7c50e2c915e225989c4f23,8025784,True,True
pd8b-dense-lam010-lr20-s42-rl160,evaluation_log,40,/volume/posttrain/users/lsk/nvc-repo/sgd_rlvr_reproduce/checkpoints/paperD_rl160/pd8b-dense-lam010-lr20-s42-rl160/logs/eval_rlstep040.jsonl,01a5459232f9e587d2800bbeb2c3a20088d9b59994ae833ef01b4eacbfa5de8f,2422062,True,True
pd8b-dense-lam010-lr20-s42-rl160,evaluation_log,80,/volume/posttrain/users/lsk/nvc-repo/sgd_rlvr_reproduce/checkpoints/paperD_rl160/pd8b-dense-lam010-lr20-s42-rl160/logs/eval_rlstep080.jsonl,d6874135e49d3dcb90e8d5e7cc13104efd143de63e67f751e926a7d9914e4079,2418218,True,True
pd8b-dense-lam010-lr20-s42-rl160,evaluation_log,120,/volume/posttrain/users/lsk/nvc-repo/sgd_rlvr_reproduce/checkpoints/paperD_rl160/pd8b-dense-lam010-lr20-s42-rl160/logs/eval_rlstep120.jsonl,9bbe1a61bd4a441c35879bbcf35abb3b26741300a1ce6e06df2d2c857f158d95,2438648,True,True
pd8b-dense-lam010-lr20-s42-rl160,evaluation_log,160,/volume/posttrain/users/lsk/nvc-repo/sgd_rlvr_reproduce/checkpoints/paperD_rl160/pd8b-dense-lam010-lr20-s42-rl160/logs/eval_rlstep160.jsonl,489840b729387119b6fac9832b5b1743f6fc99f31d1edad2e500451a36b6aedb,2418389,True,True
pd8b-dense-lam010-lr20-s42-rl160,checkpoint_manifest,40,/volume/posttrain/users/lsk/nvc-repo/sgd_rlvr_reproduce/checkpoints/paperD_rl160/pd8b-dense-lam010-lr20-s42-rl160/manifests/checkpoint_rlstep040.sha256,6e0f858bf2b41f1e91724f7a81cd87ba74e59aecdf0ffcdaedf3e9f1cff0e3b2,83405,True,True
pd8b-dense-lam010-lr20-s42-rl160,checkpoint_manifest,80,/volume/posttrain/users/lsk/nvc-repo/sgd_rlvr_reproduce/checkpoints/paperD_rl160/pd8b-dense-lam010-lr20-s42-rl160/manifests/checkpoint_rlstep080.sha256,c41ece4afe720794f445aec39d9ceb1c5cc5eddb92db9849bcd6e79cb796399a,56359,True,True
pd8b-dense-lam010-lr20-s42-rl160,checkpoint_manifest,120,/volume/posttrain/users/lsk/nvc-repo/sgd_rlvr_reproduce/checkpoints/paperD_rl160/pd8b-dense-lam010-lr20-s42-rl160/manifests/checkpoint_rlstep120.sha256,327cbd790269f595c7636d44e0dad26ff709894ebfdbbbc5f88c8385c1fe022f,87357,True,True
pd8b-dense-lam010-lr20-s42-rl160,checkpoint_manifest,160,/volume/posttrain/users/lsk/nvc-repo/sgd_rlvr_reproduce/checkpoints/paperD_rl160/pd8b-dense-lam010-lr20-s42-rl160/manifests/checkpoint_rlstep160.sha256,db863437c1ca6e0e3e22d72044665382e33bc5199feacaa922e698d722d02454,65354,True,True
pd8b-dense-lam010-lr20-s42-rl160,resolved_config,,/volume/posttrain/users/lsk/nvc-repo/sgd_rlvr_reproduce/checkpoints/paperD_rl160/pd8b-dense-lam010-lr20-s42-rl160/manifests/resolved_config.yaml,718e29b456a45990be4848bd9cf70c2f50ce76f655e41ebc08122b039b30e837,62176,True,True
pd8b-dense-lam010-lr20-s42-rl160,environment,,/volume/posttrain/users/lsk/nvc-repo/sgd_rlvr_reproduce/checkpoints/paperD_rl160/pd8b-dense-lam010-lr20-s42-rl160/manifests/environment.json,7c8a2f52e608fb0304c0908890ded4dc0e2efe18017a8614c1cc8e55ab2b33e5,37152,True,True
pd8b-dense-lam010-lr20-s42-rl160,rollout_prompt_manifest,,/volume/posttrain/users/lsk/nvc-repo/sgd_rlvr_reproduce/checkpoints/paperD_rl160/pd8b-dense-lam010-lr20-s42-rl160/manifests/rollout_prompt_ids.jsonl,d8911c20ac06f8c1952dc960b05715eb0682ae3e438bac685008d1781540abad,24026203,True,True
pd8b-dense-lam010-lr20-s43-rl160,train_log,,/volume/posttrain/users/lsk/nvc-repo/sgd_rlvr_reproduce/checkpoints/paperD_rl160/pd8b-dense-lam010-lr20-s43-rl160/logs/train_rlstep000_160.jsonl,49ef3f026affe88a82e3935c1170d5590e4c4afc9608cfae65f3f55e7339218e,8041808,True,True
pd8b-dense-lam010-lr20-s43-rl160,evaluation_log,40,/volume/posttrain/users/lsk/nvc-repo/sgd_rlvr_reproduce/checkpoints/paperD_rl160/pd8b-dense-lam010-lr20-s43-rl160/logs/eval_rlstep040.jsonl,87d7734254dd4921660430d4f787af78c91b13fcd6e06ca746552b5dd17d5e06,2401488,True,True
pd8b-dense-lam010-lr20-s43-rl160,evaluation_log,80,/volume/posttrain/users/lsk/nvc-repo/sgd_rlvr_reproduce/checkpoints/paperD_rl160/pd8b-dense-lam010-lr20-s43-rl160/logs/eval_rlstep080.jsonl,c269f510ada1c61268aa98bc7b9d32728cfd83471ed72e6e8a51a6cc8c1095f2,2408566,True,True
pd8b-dense-lam010-lr20-s43-rl160,evaluation_log,120,/volume/posttrain/users/lsk/nvc-repo/sgd_rlvr_reproduce/checkpoints/paperD_rl160/pd8b-dense-lam010-lr20-s43-rl160/logs/eval_rlstep120.jsonl,b8719054c9847689b4ec14c8a7158055e0e4e3ffa54e50021ab1d6b6c496414f,2440447,True,True
pd8b-dense-lam010-lr20-s43-rl160,evaluation_log,160,/volume/posttrain/users/lsk/nvc-repo/sgd_rlvr_reproduce/checkpoints/paperD_rl160/pd8b-dense-lam010-lr20-s43-rl160/logs/eval_rlstep160.jsonl,bd3a7693e31182e2bb43cdbd7737a38e787e7dd17a4b28dea0025d7b21686901,2400671,True,True
pd8b-dense-lam010-lr20-s43-rl160,checkpoint_manifest,40,/volume/posttrain/users/lsk/nvc-repo/sgd_rlvr_reproduce/checkpoints/paperD_rl160/pd8b-dense-lam010-lr20-s43-rl160/manifests/checkpoint_rlstep040.sha256,95c2328c0dd6bffd1450491c518279a1a1db0a83aeb548eb21db2516eafc8518,90346,True,True
pd8b-dense-lam010-lr20-s43-rl160,checkpoint_manifest,80,/volume/posttrain/users/lsk/nvc-repo/sgd_rlvr_reproduce/checkpoints/paperD_rl160/pd8b-dense-lam010-lr20-s43-rl160/manifests/checkpoint_rlstep080.sha256,bf4539f51895986bd3bcd3eba094ad3fe4e8226b65907476a2f79c0adec622a5,77760,True,True
pd8b-dense-lam010-lr20-s43-rl160,checkpoint_manifest,120,/volume/posttrain/users/lsk/nvc-repo/sgd_rlvr_reproduce/checkpoints/paperD_rl160/pd8b-dense-lam010-lr20-s43-rl160/manifests/checkpoint_rlstep120.sha256,65ea043330f8d56dcc33877c17911a4b679905c7e0e09cd16c6e211627e043ac,78509,True,True
pd8b-dense-lam010-lr20-s43-rl160,checkpoint_manifest,160,/volume/posttrain/users/lsk/nvc-repo/sgd_rlvr_reproduce/checkpoints/paperD_rl160/pd8b-dense-lam010-lr20-s43-rl160/manifests/checkpoint_rlstep160.sha256,bff69ad8b2066f208a5391cfe91d11b8f71b20e002d36d5cea21f6eee778cf6f,65136,True,True
pd8b-dense-lam010-lr20-s43-rl160,resolved_config,,/volume/posttrain/users/lsk/nvc-repo/sgd_rlvr_reproduce/checkpoints/paperD_rl160/pd8b-dense-lam010-lr20-s43-rl160/manifests/resolved_config.yaml,7b61d4ff61c8edfa8729f034b8d9b0dff50d9f546c8350eaf23d9e7f2230af2e,68934,True,True
pd8b-dense-lam010-lr20-s43-rl160,environment,,/volume/posttrain/users/lsk/nvc-repo/sgd_rlvr_reproduce/checkpoints/paperD_rl160/pd8b-dense-lam010-lr20-s43-rl160/manifests/environment.json,8acdb86a325cc066318b6addcce05ffda9b01ff5fa5d53772aa9e7d37b61a960,52701,True,True
pd8b-dense-lam010-lr20-s43-rl160,rollout_prompt_manifest,,/volume/posttrain/users/lsk/nvc-repo/sgd_rlvr_reproduce/checkpoints/paperD_rl160/pd8b-dense-lam010-lr20-s43-rl160/manifests/rollout_prompt_ids.jsonl,44816be1b127a1670d7dff576487a79572cdc4e0f1fe6a2fde068f5a5a6369ff,24048513,True,True
pd8b-dense-lam010-lr20-s44-rl160,train_log,,/volume/posttrain/users/lsk/nvc-repo/sgd_rlvr_reproduce/checkpoints/paperD_rl160/pd8b-dense-lam010-lr20-s44-rl160/logs/train_rlstep000_160.jsonl,cb88c9bab95eebae8023305534cfe8b03048a741f4c8597e38a09fa8763948ff,8028318,True,True
pd8b-dense-lam010-lr20-s44-rl160,evaluation_log,40,/volume/posttrain/users/lsk/nvc-repo/sgd_rlvr_reproduce/checkpoints/paperD_rl160/pd8b-dense-lam010-lr20-s44-rl160/logs/eval_rlstep040.jsonl,5464a6518fbb856ca8f338cf4cca2d0f0cba621695fa3b38461d9bc5ea2ed63d,2409784,True,True
pd8b-dense-lam010-lr20-s44-rl160,evaluation_log,80,/volume/posttrain/users/lsk/nvc-repo/sgd_rlvr_reproduce/checkpoints/paperD_rl160/pd8b-dense-lam010-lr20-s44-rl160/logs/eval_rlstep080.jsonl,6e3201179e68ee94d5a815f0eb74308e235efba925cf9b59d074d3017776703c,2434958,True,True
pd8b-dense-lam010-lr20-s44-rl160,evaluation_log,120,/volume/posttrain/users/lsk/nvc-repo/sgd_rlvr_reproduce/checkpoints/paperD_rl160/pd8b-dense-lam010-lr20-s44-rl160/logs/eval_rlstep120.jsonl,fbc78e15268c7a21c4b698fd87bb022386cf28fc2a87144af99a1281aecad0ce,2436001,True,True
pd8b-dense-lam010-lr20-s44-rl160,evaluation_log,160,/volume/posttrain/users/lsk/nvc-repo/sgd_rlvr_reproduce/checkpoints/paperD_rl160/pd8b-dense-lam010-lr20-s44-rl160/logs/eval_rlstep160.jsonl,268bad5b7789159f790f0c6450d6bdb04047b76bc12dbdeb7bb8bc20c2514f9a,2413064,True,True
pd8b-dense-lam010-lr20-s44-rl160,checkpoint_manifest,40,/volume/posttrain/users/lsk/nvc-repo/sgd_rlvr_reproduce/checkpoints/paperD_rl160/pd8b-dense-lam010-lr20-s44-rl160/manifests/checkpoint_rlstep040.sha256,ba04a257f3a500901764e490150e5e85b15badee42a34f2c1f801f006b9b06cf,67031,True,True
pd8b-dense-lam010-lr20-s44-rl160,checkpoint_manifest,80,/volume/posttrain/users/lsk/nvc-repo/sgd_rlvr_reproduce/checkpoints/paperD_rl160/pd8b-dense-lam010-lr20-s44-rl160/manifests/checkpoint_rlstep080.sha256,8a88483282b38a7ec8ef3774e92e94e4b2b01055e84d9bdcb84dc74d735f0ed7,59885,True,True
pd8b-dense-lam010-lr20-s44-rl160,checkpoint_manifest,120,/volume/posttrain/users/lsk/nvc-repo/sgd_rlvr_reproduce/checkpoints/paperD_rl160/pd8b-dense-lam010-lr20-s44-rl160/manifests/checkpoint_rlstep120.sha256,ad023e7ed892f8d3830997bca4783709a383d624a4ca8adc82d4f048c73659d7,67107,True,True
pd8b-dense-lam010-lr20-s44-rl160,checkpoint_manifest,160,/volume/posttrain/users/lsk/nvc-repo/sgd_rlvr_reproduce/checkpoints/paperD_rl160/pd8b-dense-lam010-lr20-s44-rl160/manifests/checkpoint_rlstep160.sha256,c8b190455d7e078aa18a59daab7990d9f0b61e463a7ddf22cd24dcf2e410dbdd,91089,True,True
pd8b-dense-lam010-lr20-s44-rl160,resolved_config,,/volume/posttrain/users/lsk/nvc-repo/sgd_rlvr_reproduce/checkpoints/paperD_rl160/pd8b-dense-lam010-lr20-s44-rl160/manifests/resolved_config.yaml,a9ec36a87c6f3f5847c2f8052adaafafe58ad3848ea198a85c553604913fc348,62777,True,True
pd8b-dense-lam010-lr20-s44-rl160,environment,,/volume/posttrain/users/lsk/nvc-repo/sgd_rlvr_reproduce/checkpoints/paperD_rl160/pd8b-dense-lam010-lr20-s44-rl160/manifests/environment.json,d0361968490d457183ebd9e6886343fc22ccf66cbc9c29b59d4c117d8ca5b855,60916,True,True
pd8b-dense-lam010-lr20-s44-rl160,rollout_prompt_manifest,,/volume/posttrain/users/lsk/nvc-repo/sgd_rlvr_reproduce/checkpoints/paperD_rl160/pd8b-dense-lam010-lr20-s44-rl160/manifests/rollout_prompt_ids.jsonl,f6ab7c9032626d10b5d899be868733b82bc6e34bfd639cff98aeafce5c1f0981,24030486,True,True
pd8b-top040-lam100-lr01-s42-rl160,train_log,,/volume/posttrain/users/lsk/nvc-repo/sgd_rlvr_reproduce/checkpoints/paperD_rl160/pd8b-top040-lam100-lr01-s42-rl160/logs/train_rlstep000_160.jsonl,1b4be1b9d938ebd7583298928c81b79c07d32045460716e42f22df2db7980806,8013094,True,True
pd8b-top040-lam100-lr01-s42-rl160,evaluation_log,40,/volume/posttrain/users/lsk/nvc-repo/sgd_rlvr_reproduce/checkpoints/paperD_rl160/pd8b-top040-lam100-lr01-s42-rl160/logs/eval_rlstep040.jsonl,6f63ded22fb47509fdd415221fb12ea36da406902e1140faabb1f9c2fa9daee3,2400148,True,True
pd8b-top040-lam100-lr01-s42-rl160,evaluation_log,80,/volume/posttrain/users/lsk/nvc-repo/sgd_rlvr_reproduce/checkpoints/paperD_rl160/pd8b-top040-lam100-lr01-s42-rl160/logs/eval_rlstep080.jsonl,0c6490679956181057543669e379a1438f3a5cfa541af282dcc0aff2131f0315,2435756,True,True
pd8b-top040-lam100-lr01-s42-rl160,evaluation_log,120,/volume/posttrain/users/lsk/nvc-repo/sgd_rlvr_reproduce/checkpoints/paperD_rl160/pd8b-top040-lam100-lr01-s42-rl160/logs/eval_rlstep120.jsonl,ef2870a4311b34ccf9280434d097c5b9d80873c1c6ca4cab52bd18e515cfefe4,2443968,True,True
pd8b-top040-lam100-lr01-s42-rl160,evaluation_log,160,/volume/posttrain/users/lsk/nvc-repo/sgd_rlvr_reproduce/checkpoints/paperD_rl160/pd8b-top040-lam100-lr01-s42-rl160/logs/eval_rlstep160.jsonl,9a0297a784356e42d76b2f8ddd0bb41f53b7eeb7e04663aa112e2b1d83428cc5,2401603,True,True
pd8b-top040-lam100-lr01-s42-rl160,checkpoint_manifest,40,/volume/posttrain/users/lsk/nvc-repo/sgd_rlvr_reproduce/checkpoints/paperD_rl160/pd8b-top040-lam100-lr01-s42-rl160/manifests/checkpoint_rlstep040.sha256,491ddf355fbf35cba58837963b2e1cc7270e52e8c8502feac0d8677360410c82,53515,True,True
pd8b-top040-lam100-lr01-s42-rl160,checkpoint_manifest,80,/volume/posttrain/users/lsk/nvc-repo/sgd_rlvr_reproduce/checkpoints/paperD_rl160/pd8b-top040-lam100-lr01-s42-rl160/manifests/checkpoint_rlstep080.sha256,a399f60c3432af23d481505fbf744297d71e3061f9940079e0be97aa7a7fe723,83290,True,True
pd8b-top040-lam100-lr01-s42-rl160,checkpoint_manifest,120,/volume/posttrain/users/lsk/nvc-repo/sgd_rlvr_reproduce/checkpoints/paperD_rl160/pd8b-top040-lam100-lr01-s42-rl160/manifests/checkpoint_rlstep120.sha256,24d530bfff110ce31187d9114a7bdc03071fdc837d994b3352881050f874f0d0,91360,True,True
pd8b-top040-lam100-lr01-s42-rl160,checkpoint_manifest,160,/volume/posttrain/users/lsk/nvc-repo/sgd_rlvr_reproduce/checkpoints/paperD_rl160/pd8b-top040-lam100-lr01-s42-rl160/manifests/checkpoint_rlstep160.sha256,8c5f5b774ffffd1d0f6dba2d0f55a0f1260bea155c3c44ccdd9abd0a0959051a,48616,True,True
pd8b-top040-lam100-lr01-s42-rl160,resolved_config,,/volume/posttrain/users/lsk/nvc-repo/sgd_rlvr_reproduce/checkpoints/paperD_rl160/pd8b-top040-lam100-lr01-s42-rl160/manifests/resolved_config.yaml,0f6e5b5fde60116e5faf378b5dedf7581ec08e3ab57fc59b6698a97e63f1b17c,52864,True,True
pd8b-top040-lam100-lr01-s42-rl160,environment,,/volume/posttrain/users/lsk/nvc-repo/sgd_rlvr_reproduce/checkpoints/paperD_rl160/pd8b-top040-lam100-lr01-s42-rl160/manifests/environment.json,5cc2898bcf53f1f0354b9aa155b6e3a5bb9707329b5098e9792687f06e8a7d2b,24402,True,True
pd8b-top040-lam100-lr01-s42-rl160,rollout_prompt_manifest,,/volume/posttrain/users/lsk/nvc-repo/sgd_rlvr_reproduce/checkpoints/paperD_rl160/pd8b-top040-lam100-lr01-s42-rl160/manifests/rollout_prompt_ids.jsonl,b12547bc9676241ca6bd3ba265e16ed8898166ad867139013c1b421d35d9f1f4,24043190,True,True
pd8b-top040-lam100-lr01-s43-rl160,train_log,,/volume/posttrain/users/lsk/nvc-repo/sgd_rlvr_reproduce/checkpoints/paperD_rl160/pd8b-top040-lam100-lr01-s43-rl160/logs/train_rlstep000_160.jsonl,8353a1a2a8e582af5bd251b3fefee4fe8dd67da2f69d72db153f68113545d8eb,8040481,True,True
pd8b-top040-lam100-lr01-s43-rl160,evaluation_log,40,/volume/posttrain/users/lsk/nvc-repo/sgd_rlvr_reproduce/checkpoints/paperD_rl160/pd8b-top040-lam100-lr01-s43-rl160/logs/eval_rlstep040.jsonl,0ec021b14e6733beb611eb29d8693f7d9b2ebf6ebd8145bf917a1366d0213eb8,2412632,True,True
pd8b-top040-lam100-lr01-s43-rl160,evaluation_log,80,/volume/posttrain/users/lsk/nvc-repo/sgd_rlvr_reproduce/checkpoints/paperD_rl160/pd8b-top040-lam100-lr01-s43-rl160/logs/eval_rlstep080.jsonl,693b93642f89a83fbbf13740b12da014d836dcc768772d4ee30ba87b8eea7a16,2445956,True,True
pd8b-top040-lam100-lr01-s43-rl160,evaluation_log,120,/volume/posttrain/users/lsk/nvc-repo/sgd_rlvr_reproduce/checkpoints/paperD_rl160/pd8b-top040-lam100-lr01-s43-rl160/logs/eval_rlstep120.jsonl,3fcc882d820e43ff10ee815ec9ec3b5f0e380ea0a7f601b78da192f4c0413fdf,2449193,True,True
pd8b-top040-lam100-lr01-s43-rl160,evaluation_log,160,/volume/posttrain/users/lsk/nvc-repo/sgd_rlvr_reproduce/checkpoints/paperD_rl160/pd8b-top040-lam100-lr01-s43-rl160/logs/eval_rlstep160.jsonl,ba3d16abbe94a3e5651e64b0e214683830e3e6c7d7e582e8547e3294884afbf9,2448348,True,True
pd8b-top040-lam100-lr01-s43-rl160,checkpoint_manifest,40,/volume/posttrain/users/lsk/nvc-repo/sgd_rlvr_reproduce/checkpoints/paperD_rl160/pd8b-top040-lam100-lr01-s43-rl160/manifests/checkpoint_rlstep040.sha256,f216c7e91b561adc26f4daf7bb1b9de603e40c6986c3bbcca2b567dc5793a333,83343,True,True
pd8b-top040-lam100-lr01-s43-rl160,checkpoint_manifest,80,/volume/posttrain/users/lsk/nvc-repo/sgd_rlvr_reproduce/checkpoints/paperD_rl160/pd8b-top040-lam100-lr01-s43-rl160/manifests/checkpoint_rlstep080.sha256,a37c3da68ac3e79d6b10dba212a9b46e3506bd06c284394b660bc0ae0a832479,73581,True,True
pd8b-top040-lam100-lr01-s43-rl160,checkpoint_manifest,120,/volume/posttrain/users/lsk/nvc-repo/sgd_rlvr_reproduce/checkpoints/paperD_rl160/pd8b-top040-lam100-lr01-s43-rl160/manifests/checkpoint_rlstep120.sha256,be4aff5f25ea9836d891d0cee719d3da61d9600da2cfa4a97e9ae2ed5925b30c,53684,True,True
pd8b-top040-lam100-lr01-s43-rl160,checkpoint_manifest,160,/volume/posttrain/users/lsk/nvc-repo/sgd_rlvr_reproduce/checkpoints/paperD_rl160/pd8b-top040-lam100-lr01-s43-rl160/manifests/checkpoint_rlstep160.sha256,473c96a5542c1a00be425e23c719018e136772ebc435fe1910f50e4e6916685e,73401,True,True
pd8b-top040-lam100-lr01-s43-rl160,resolved_config,,/volume/posttrain/users/lsk/nvc-repo/sgd_rlvr_reproduce/checkpoints/paperD_rl160/pd8b-top040-lam100-lr01-s43-rl160/manifests/resolved_config.yaml,22836cd5258c487d04fd15d3c9b62d609cdb8fb58c3e39369c9771aa91301d6b,41353,True,True
pd8b-top040-lam100-lr01-s43-rl160,environment,,/volume/posttrain/users/lsk/nvc-repo/sgd_rlvr_reproduce/checkpoints/paperD_rl160/pd8b-top040-lam100-lr01-s43-rl160/manifests/environment.json,6ef5bff0192f133d28560e792b82e1854166405a28396eefd7ddfc50f1a90851,60187,True,True
pd8b-top040-lam100-lr01-s43-rl160,rollout_prompt_manifest,,/volume/posttrain/users/lsk/nvc-repo/sgd_rlvr_reproduce/checkpoints/paperD_rl160/pd8b-top040-lam100-lr01-s43-rl160/manifests/rollout_prompt_ids.jsonl,47b78556bd0d44eada90a91db6bba7314719ba7e07f41ae404c7107468ddab15,24012893,True,True
pd8b-top040-lam100-lr01-s44-rl160,train_log,,/volume/posttrain/users/lsk/nvc-repo/sgd_rlvr_reproduce/checkpoints/paperD_rl160/pd8b-top040-lam100-lr01-s44-rl160/logs/train_rlstep000_160.jsonl,d43b1cb3671c01dac1b42c3ee82c49ce691c6b87c17b68347f206d24aa0a3c4e,8011764,True,True
pd8b-top040-lam100-lr01-s44-rl160,evaluation_log,40,/volume/posttrain/users/lsk/nvc-repo/sgd_rlvr_reproduce/checkpoints/paperD_rl160/pd8b-top040-lam100-lr01-s44-rl160/logs/eval_rlstep040.jsonl,5c7e4629e9ac88a611d5e8364870370066f2b8b00a0345b0e8f3a2e5d1498c86,2445418,True,True
pd8b-top040-lam100-lr01-s44-rl160,evaluation_log,80,/volume/posttrain/users/lsk/nvc-repo/sgd_rlvr_reproduce/checkpoints/paperD_rl160/pd8b-top040-lam100-lr01-s44-rl160/logs/eval_rlstep080.jsonl,4dd3e22ac7066568e21cce2c7540fb17c5c9632e7ea7a24b4dfec05bb9f6a3fd,2440431,True,True
pd8b-top040-lam100-lr01-s44-rl160,evaluation_log,120,/volume/posttrain/users/lsk/nvc-repo/sgd_rlvr_reproduce/checkpoints/paperD_rl160/pd8b-top040-lam100-lr01-s44-rl160/logs/eval_rlstep120.jsonl,242da20d9c034fb6611a95eee779e5a9644f28442822487428697d12d45bac2d,2425290,True,True
pd8b-top040-lam100-lr01-s44-rl160,evaluation_log,160,/volume/posttrain/users/lsk/nvc-repo/sgd_rlvr_reproduce/checkpoints/paperD_rl160/pd8b-top040-lam100-lr01-s44-rl160/logs/eval_rlstep160.jsonl,08fa8dd4588de4836f2ec74966b2f9eafacef216936aa75bc2741534c04cb43d,2409412,True,True
pd8b-top040-lam100-lr01-s44-rl160,checkpoint_manifest,40,/volume/posttrain/users/lsk/nvc-repo/sgd_rlvr_reproduce/checkpoints/paperD_rl160/pd8b-top040-lam100-lr01-s44-rl160/manifests/checkpoint_rlstep040.sha256,dd2c241dfb025a59eb6ea3aae759d2e50603e094839486d91eeb78864e19a245,63695,True,True
pd8b-top040-lam100-lr01-s44-rl160,checkpoint_manifest,80,/volume/posttrain/users/lsk/nvc-repo/sgd_rlvr_reproduce/checkpoints/paperD_rl160/pd8b-top040-lam100-lr01-s44-rl160/manifests/checkpoint_rlstep080.sha256,bed3f8bba6588649d17783bc9b4a5b80167fcdb72d9d6322e169e495b7598c6e,71710,True,True
pd8b-top040-lam100-lr01-s44-rl160,checkpoint_manifest,120,/volume/posttrain/users/lsk/nvc-repo/sgd_rlvr_reproduce/checkpoints/paperD_rl160/pd8b-top040-lam100-lr01-s44-rl160/manifests/checkpoint_rlstep120.sha256,c5e98fa98b6f25b783f2303bbfdd9b38b555cc05081588d3dc6e4f7bdb28b83e,79294,True,True
pd8b-top040-lam100-lr01-s44-rl160,checkpoint_manifest,160,/volume/posttrain/users/lsk/nvc-repo/sgd_rlvr_reproduce/checkpoints/paperD_rl160/pd8b-top040-lam100-lr01-s44-rl160/manifests/checkpoint_rlstep160.sha256,ea8b918782272c6b6b0b375de11bf3a78d3bac46dbe0f2a08e2f118602fc4f52,64541,True,True
pd8b-top040-lam100-lr01-s44-rl160,resolved_config,,/volume/posttrain/users/lsk/nvc-repo/sgd_rlvr_reproduce/checkpoints/paperD_rl160/pd8b-top040-lam100-lr01-s44-rl160/manifests/resolved_config.yaml,654ae5666414cb1548c91ce5b4f65900693056e024e71824700dbc9097ef1e49,40040,True,True
pd8b-top040-lam100-lr01-s44-rl160,environment,,/volume/posttrain/users/lsk/nvc-repo/sgd_rlvr_reproduce/checkpoints/paperD_rl160/pd8b-top040-lam100-lr01-s44-rl160/manifests/environment.json,bf95e231e1e75554b48e871432851f808d3f1a5032668892a3eeb48b062170fa,45991,True,True
pd8b-top040-lam100-lr01-s44-rl160,rollout_prompt_manifest,,/volume/posttrain/users/lsk/nvc-repo/sgd_rlvr_reproduce/checkpoints/paperD_rl160/pd8b-top040-lam100-lr01-s44-rl160/manifests/rollout_prompt_ids.jsonl,720be0554547bbba1dd3753c234439bd8794fa9d70f9128a84aa12e448ee435b,24004123,True,True
pd8b-top040-lam100-lr05-s42-rl160,train_log,,/volume/posttrain/users/lsk/nvc-repo/sgd_rlvr_reproduce/checkpoints/paperD_rl160/pd8b-top040-lam100-lr05-s42-rl160/logs/train_rlstep000_160.jsonl,152db44ed5590036877d01602d09ed6b21ce111b20d50411008ccd6b6d0e1844,8046012,True,True
pd8b-top040-lam100-lr05-s42-rl160,evaluation_log,40,/volume/posttrain/users/lsk/nvc-repo/sgd_rlvr_reproduce/checkpoints/paperD_rl160/pd8b-top040-lam100-lr05-s42-rl160/logs/eval_rlstep040.jsonl,0a983ef0193e32d37d39b103faafa22e077d79ac67c3d27d0374d654c91c856d,2424292,True,True
pd8b-top040-lam100-lr05-s42-rl160,evaluation_log,80,/volume/posttrain/users/lsk/nvc-repo/sgd_rlvr_reproduce/checkpoints/paperD_rl160/pd8b-top040-lam100-lr05-s42-rl160/logs/eval_rlstep080.jsonl,da5acd73b0ff0f9265ce0f3a39356bce557e7701ba945226655295aafeed2ce5,2438726,True,True
pd8b-top040-lam100-lr05-s42-rl160,evaluation_log,120,/volume/posttrain/users/lsk/nvc-repo/sgd_rlvr_reproduce/checkpoints/paperD_rl160/pd8b-top040-lam100-lr05-s42-rl160/logs/eval_rlstep120.jsonl,a52e53f80ea547a5dddbe5d0c51d11f573a190430ae7f35b9658ce5508306e96,2417121,True,True
pd8b-top040-lam100-lr05-s42-rl160,evaluation_log,160,/volume/posttrain/users/lsk/nvc-repo/sgd_rlvr_reproduce/checkpoints/paperD_rl160/pd8b-top040-lam100-lr05-s42-rl160/logs/eval_rlstep160.jsonl,45accb7440717077a229f14a06549c75d1c762aad61ae02e8933f0c0a38794e9,2425747,True,True
pd8b-top040-lam100-lr05-s42-rl160,checkpoint_manifest,40,/volume/posttrain/users/lsk/nvc-repo/sgd_rlvr_reproduce/checkpoints/paperD_rl160/pd8b-top040-lam100-lr05-s42-rl160/manifests/checkpoint_rlstep040.sha256,d5928b561820f885f36aacf26b6694057f233b0f43aa62dc795b6563a9e7f2ae,80928,True,True
pd8b-top040-lam100-lr05-s42-rl160,checkpoint_manifest,80,/volume/posttrain/users/lsk/nvc-repo/sgd_rlvr_reproduce/checkpoints/paperD_rl160/pd8b-top040-lam100-lr05-s42-rl160/manifests/checkpoint_rlstep080.sha256,4bc2d272bbc3188a4fd62cae4f46874d97781805c580f01eed73917ad10a2f6e,83048,True,True
pd8b-top040-lam100-lr05-s42-rl160,checkpoint_manifest,120,/volume/posttrain/users/lsk/nvc-repo/sgd_rlvr_reproduce/checkpoints/paperD_rl160/pd8b-top040-lam100-lr05-s42-rl160/manifests/checkpoint_rlstep120.sha256,d9914e9673cf6fc962f93d3a486670c5b70ec6a8f76d2a9e1ff9bd143b4d316d,53938,True,True
pd8b-top040-lam100-lr05-s42-rl160,checkpoint_manifest,160,/volume/posttrain/users/lsk/nvc-repo/sgd_rlvr_reproduce/checkpoints/paperD_rl160/pd8b-top040-lam100-lr05-s42-rl160/manifests/checkpoint_rlstep160.sha256,950a1bb8887c8d554c08888f6ecdd4960b77a3228c79ab4b19e63c3d5e54b5fa,70146,True,True
pd8b-top040-lam100-lr05-s42-rl160,resolved_config,,/volume/posttrain/users/lsk/nvc-repo/sgd_rlvr_reproduce/checkpoints/paperD_rl160/pd8b-top040-lam100-lr05-s42-rl160/manifests/resolved_config.yaml,6baa3b83ec2276fb82ed938b273f71360f076326222095bf42a5a8b845b41c6c,40007,True,True
pd8b-top040-lam100-lr05-s42-rl160,environment,,/volume/posttrain/users/lsk/nvc-repo/sgd_rlvr_reproduce/checkpoints/paperD_rl160/pd8b-top040-lam100-lr05-s42-rl160/manifests/environment.json,7a672d54ff814c6426902bde1ca6be9d4d8619643100d9047227b320421f5160,12521,True,True
pd8b-top040-lam100-lr05-s42-rl160,rollout_prompt_manifest,,/volume/posttrain/users/lsk/nvc-repo/sgd_rlvr_reproduce/checkpoints/paperD_rl160/pd8b-top040-lam100-lr05-s42-rl160/manifests/rollout_prompt_ids.jsonl,753b43b3a63e696bd4d077173c187780d6cad587a08cfeae955a281975692dbf,24037444,True,True
pd8b-top040-lam100-lr05-s43-rl160,train_log,,/volume/posttrain/users/lsk/nvc-repo/sgd_rlvr_reproduce/checkpoints/paperD_rl160/pd8b-top040-lam100-lr05-s43-rl160/logs/train_rlstep000_160.jsonl,f70fbfa0aa425ab40c62563f0faf9acbdaaa9f5d39714e18ea921834dcc30777,8001060,True,True
pd8b-top040-lam100-lr05-s43-rl160,evaluation_log,40,/volume/posttrain/users/lsk/nvc-repo/sgd_rlvr_reproduce/checkpoints/paperD_rl160/pd8b-top040-lam100-lr05-s43-rl160/logs/eval_rlstep040.jsonl,165fae1bb6f3137de4b5f033e92ab708797c0d59e682940df1bc47254e763937,2412705,True,True
pd8b-top040-lam100-lr05-s43-rl160,evaluation_log,80,/volume/posttrain/users/lsk/nvc-repo/sgd_rlvr_reproduce/checkpoints/paperD_rl160/pd8b-top040-lam100-lr05-s43-rl160/logs/eval_rlstep080.jsonl,400612a4f2cf089dae7a13d0ab1b8304abbf74f71c41e03bc67deae1c71d821b,2439960,True,True
pd8b-top040-lam100-lr05-s43-rl160,evaluation_log,120,/volume/posttrain/users/lsk/nvc-repo/sgd_rlvr_reproduce/checkpoints/paperD_rl160/pd8b-top040-lam100-lr05-s43-rl160/logs/eval_rlstep120.jsonl,65fc6bc9ce6e2621d4b2c59ec4bdd0784629ed1c5083d282b2531d7177e6424e,2424839,True,True
pd8b-top040-lam100-lr05-s43-rl160,evaluation_log,160,/volume/posttrain/users/lsk/nvc-repo/sgd_rlvr_reproduce/checkpoints/paperD_rl160/pd8b-top040-lam100-lr05-s43-rl160/logs/eval_rlstep160.jsonl,f1023287fb1c85f8bf48df071a2ea22dc09b377f3b991a05512e45bb132acbe6,2414909,True,True
pd8b-top040-lam100-lr05-s43-rl160,checkpoint_manifest,40,/volume/posttrain/users/lsk/nvc-repo/sgd_rlvr_reproduce/checkpoints/paperD_rl160/pd8b-top040-lam100-lr05-s43-rl160/manifests/checkpoint_rlstep040.sha256,de00822ade30f4a3e875a72488d03a64644e110a6e6c33e2c2e7321587643430,88887,True,True
pd8b-top040-lam100-lr05-s43-rl160,checkpoint_manifest,80,/volume/posttrain/users/lsk/nvc-repo/sgd_rlvr_reproduce/checkpoints/paperD_rl160/pd8b-top040-lam100-lr05-s43-rl160/manifests/checkpoint_rlstep080.sha256,7ed1354bcba90127959d6ece702adc569ddec883ce446fa5a220706647fd264a,76054,True,True
pd8b-top040-lam100-lr05-s43-rl160,checkpoint_manifest,120,/volume/posttrain/users/lsk/nvc-repo/sgd_rlvr_reproduce/checkpoints/paperD_rl160/pd8b-top040-lam100-lr05-s43-rl160/manifests/checkpoint_rlstep120.sha256,82bc920d72aac2e7c9430cd75d58cd509d501a12653fa9e1d0d524e55195dc45,72769,True,True
pd8b-top040-lam100-lr05-s43-rl160,checkpoint_manifest,160,/volume/posttrain/users/lsk/nvc-repo/sgd_rlvr_reproduce/checkpoints/paperD_rl160/pd8b-top040-lam100-lr05-s43-rl160/manifests/checkpoint_rlstep160.sha256,c74e9d593c7ab59a09c0ab108814b1830f2c0b5d1ea1da47fd6ad87d2e37597a,82568,True,True
pd8b-top040-lam100-lr05-s43-rl160,resolved_config,,/volume/posttrain/users/lsk/nvc-repo/sgd_rlvr_reproduce/checkpoints/paperD_rl160/pd8b-top040-lam100-lr05-s43-rl160/manifests/resolved_config.yaml,ef1d89edc5b7687a12463d2fcd15c02729bbc43a4874277a569f9b27ed710659,84823,True,True
pd8b-top040-lam100-lr05-s43-rl160,environment,,/volume/posttrain/users/lsk/nvc-repo/sgd_rlvr_reproduce/checkpoints/paperD_rl160/pd8b-top040-lam100-lr05-s43-rl160/manifests/environment.json,77f9d782b81f666fa5365eb1f64a8e537ec1ab099f030d6b96f5b97638ffb265,35309,True,True
pd8b-top040-lam100-lr05-s43-rl160,rollout_prompt_manifest,,/volume/posttrain/users/lsk/nvc-repo/sgd_rlvr_reproduce/checkpoints/paperD_rl160/pd8b-top040-lam100-lr05-s43-rl160/manifests/rollout_prompt_ids.jsonl,05eb50f4ea02013523eff30e0438cc259fae6d3c00e961acb3857f989a4c87e5,24001626,True,True
pd8b-top040-lam100-lr05-s44-rl160,train_log,,/volume/posttrain/users/lsk/nvc-repo/sgd_rlvr_reproduce/checkpoints/paperD_rl160/pd8b-top040-lam100-lr05-s44-rl160/logs/train_rlstep000_160.jsonl,b3a2ebe3a35e038454980d03def0ca7b0fbc64d3134de43754791890a22f5c0a,8022809,True,True
pd8b-top040-lam100-lr05-s44-rl160,evaluation_log,40,/volume/posttrain/users/lsk/nvc-repo/sgd_rlvr_reproduce/checkpoints/paperD_rl160/pd8b-top040-lam100-lr05-s44-rl160/logs/eval_rlstep040.jsonl,e74feed15351c52db7fe9b9bf82ae234039630df5cd3954b3e4f033ab2bd4966,2428826,True,True
pd8b-top040-lam100-lr05-s44-rl160,evaluation_log,80,/volume/posttrain/users/lsk/nvc-repo/sgd_rlvr_reproduce/checkpoints/paperD_rl160/pd8b-top040-lam100-lr05-s44-rl160/logs/eval_rlstep080.jsonl,e6e379d6bc0642991737f185d1db2128d766e2630524576a7795267b5ab23b7f,2413153,True,True
pd8b-top040-lam100-lr05-s44-rl160,evaluation_log,120,/volume/posttrain/users/lsk/nvc-repo/sgd_rlvr_reproduce/checkpoints/paperD_rl160/pd8b-top040-lam100-lr05-s44-rl160/logs/eval_rlstep120.jsonl,a15e9d51250f663898eee1f414a6f1907292642687fa186a0977742f2b42f3ef,2443306,True,True
pd8b-top040-lam100-lr05-s44-rl160,evaluation_log,160,/volume/posttrain/users/lsk/nvc-repo/sgd_rlvr_reproduce/checkpoints/paperD_rl160/pd8b-top040-lam100-lr05-s44-rl160/logs/eval_rlstep160.jsonl,1a741d7cb3cc0fcb17ca0117d104b524df78e2b5575e679ab2e1625328eaa5dd,2421040,True,True
pd8b-top040-lam100-lr05-s44-rl160,checkpoint_manifest,40,/volume/posttrain/users/lsk/nvc-repo/sgd_rlvr_reproduce/checkpoints/paperD_rl160/pd8b-top040-lam100-lr05-s44-rl160/manifests/checkpoint_rlstep040.sha256,e21ae0aaa50e7cabb7abdf0b1c8940d220919685d7a80c874c8e1ed9995af4e6,76212,True,True
pd8b-top040-lam100-lr05-s44-rl160,checkpoint_manifest,80,/volume/posttrain/users/lsk/nvc-repo/sgd_rlvr_reproduce/checkpoints/paperD_rl160/pd8b-top040-lam100-lr05-s44-rl160/manifests/checkpoint_rlstep080.sha256,671ff5b3e0c0138d84cd74d45a9e163f1ee50ade62baf65e08836d31b5d8d2ca,51170,True,True
pd8b-top040-lam100-lr05-s44-rl160,checkpoint_manifest,120,/volume/posttrain/users/lsk/nvc-repo/sgd_rlvr_reproduce/checkpoints/paperD_rl160/pd8b-top040-lam100-lr05-s44-rl160/manifests/checkpoint_rlstep120.sha256,bacf58c8ec45f076ba6aac018d3d22b82838f4bd9f92ebd82a97652bb771d364,97501,True,True
pd8b-top040-lam100-lr05-s44-rl160,checkpoint_manifest,160,/volume/posttrain/users/lsk/nvc-repo/sgd_rlvr_reproduce/checkpoints/paperD_rl160/pd8b-top040-lam100-lr05-s44-rl160/manifests/checkpoint_rlstep160.sha256,fd46131314a6aef95a918625cd0cbc0974b329acf0ea956ce858c892affd8c79,70070,True,True
pd8b-top040-lam100-lr05-s44-rl160,resolved_config,,/volume/posttrain/users/lsk/nvc-repo/sgd_rlvr_reproduce/checkpoints/paperD_rl160/pd8b-top040-lam100-lr05-s44-rl160/manifests/resolved_config.yaml,9aa2e7a205372ce24c6867368a7409570b99a4dba5585ae5635f0d70e00d2fc4,74744,True,True
pd8b-top040-lam100-lr05-s44-rl160,environment,,/volume/posttrain/users/lsk/nvc-repo/sgd_rlvr_reproduce/checkpoints/paperD_rl160/pd8b-top040-lam100-lr05-s44-rl160/manifests/environment.json,052cae3dd1709b83808f07d5807e7d30514154e42db925b284d0d6606f678961,19211,True,True
pd8b-top040-lam100-lr05-s44-rl160,rollout_prompt_manifest,,/volume/posttrain/users/lsk/nvc-repo/sgd_rlvr_reproduce/checkpoints/paperD_rl160/pd8b-top040-lam100-lr05-s44-rl160/manifests/rollout_prompt_ids.jsonl,4b7e2f9bc1158b3cdc8e2aa5e4694a008546b8f658f83da4768e3c91783577a4,24020899,True,True
pd8b-top040-lam100-lr10-s42-rl160,train_log,,/volume/posttrain/users/lsk/nvc-repo/sgd_rlvr_reproduce/checkpoints/paperD_rl160/pd8b-top040-lam100-lr10-s42-rl160/logs/train_rlstep000_160.jsonl,a0b9e8de1e4d9a70c1d1def508b255925398732465bf94cdd3210d27d3d39689,8015651,True,True
pd8b-top040-lam100-lr10-s42-rl160,evaluation_log,40,/volume/posttrain/users/lsk/nvc-repo/sgd_rlvr_reproduce/checkpoints/paperD_rl160/pd8b-top040-lam100-lr10-s42-rl160/logs/eval_rlstep040.jsonl,4545731c9323365b76cba31cb6b7e5b3dcbc92cd4b20c1e3536e15bf621bd222,2428310,True,True
pd8b-top040-lam100-lr10-s42-rl160,evaluation_log,80,/volume/posttrain/users/lsk/nvc-repo/sgd_rlvr_reproduce/checkpoints/paperD_rl160/pd8b-top040-lam100-lr10-s42-rl160/logs/eval_rlstep080.jsonl,c3ce30bc11afd6042146dbb823c31355f4c4f84bb1c02fcda860543197c0b71c,2426961,True,True
pd8b-top040-lam100-lr10-s42-rl160,evaluation_log,120,/volume/posttrain/users/lsk/nvc-repo/sgd_rlvr_reproduce/checkpoints/paperD_rl160/pd8b-top040-lam100-lr10-s42-rl160/logs/eval_rlstep120.jsonl,b380996814c01dd3c1ca8fc3d587bf7250561229ee2fd3e025918dcd27b2260f,2449365,True,True
pd8b-top040-lam100-lr10-s42-rl160,evaluation_log,160,/volume/posttrain/users/lsk/nvc-repo/sgd_rlvr_reproduce/checkpoints/paperD_rl160/pd8b-top040-lam100-lr10-s42-rl160/logs/eval_rlstep160.jsonl,1de837f2172fd6d8c2ea3397ad92d8cc8dd690132854bb1f75e5ea31388450e1,2433638,True,True
pd8b-top040-lam100-lr10-s42-rl160,checkpoint_manifest,40,/volume/posttrain/users/lsk/nvc-repo/sgd_rlvr_reproduce/checkpoints/paperD_rl160/pd8b-top040-lam100-lr10-s42-rl160/manifests/checkpoint_rlstep040.sha256,e808fedb542f94827094cca4d3faae0f30011adc8f1ca1951621098233e7c11b,95068,True,True
pd8b-top040-lam100-lr10-s42-rl160,checkpoint_manifest,80,/volume/posttrain/users/lsk/nvc-repo/sgd_rlvr_reproduce/checkpoints/paperD_rl160/pd8b-top040-lam100-lr10-s42-rl160/manifests/checkpoint_rlstep080.sha256,fa98d5fc72c6483c5cf8c52b22c0a968c0b267f74afa096cb8d93c24c3694c18,88133,True,True
pd8b-top040-lam100-lr10-s42-rl160,checkpoint_manifest,120,/volume/posttrain/users/lsk/nvc-repo/sgd_rlvr_reproduce/checkpoints/paperD_rl160/pd8b-top040-lam100-lr10-s42-rl160/manifests/checkpoint_rlstep120.sha256,6ceccc15bba74538f72141067d4102604c48ba36c0c0243e6055677231699e86,94116,True,True
pd8b-top040-lam100-lr10-s42-rl160,checkpoint_manifest,160,/volume/posttrain/users/lsk/nvc-repo/sgd_rlvr_reproduce/checkpoints/paperD_rl160/pd8b-top040-lam100-lr10-s42-rl160/manifests/checkpoint_rlstep160.sha256,7d06b327c3e4f09b31fc9932151cac398762873bb209a9924372fceeb7da3486,83268,True,True
pd8b-top040-lam100-lr10-s42-rl160,resolved_config,,/volume/posttrain/users/lsk/nvc-repo/sgd_rlvr_reproduce/checkpoints/paperD_rl160/pd8b-top040-lam100-lr10-s42-rl160/manifests/resolved_config.yaml,a2785de217f392a5e228e38c5d6dc252bc85873f7cfda7781377e58ff449ade6,58613,True,True
pd8b-top040-lam100-lr10-s42-rl160,environment,,/volume/posttrain/users/lsk/nvc-repo/sgd_rlvr_reproduce/checkpoints/paperD_rl160/pd8b-top040-lam100-lr10-s42-rl160/manifests/environment.json,2ca1021f99ebcf943a22d4c79f819a99b112c9a0e0f364dfdd70bd5e8896e8a6,16969,True,True
pd8b-top040-lam100-lr10-s42-rl160,rollout_prompt_manifest,,/volume/posttrain/users/lsk/nvc-repo/sgd_rlvr_reproduce/checkpoints/paperD_rl160/pd8b-top040-lam100-lr10-s42-rl160/manifests/rollout_prompt_ids.jsonl,65bb55eb7723d53e5367caff799d96f1fe9d29eff82de07dc2968990b6eecc49,24017484,True,True
pd8b-top040-lam100-lr10-s43-rl160,train_log,,/volume/posttrain/users/lsk/nvc-repo/sgd_rlvr_reproduce/checkpoints/paperD_rl160/pd8b-top040-lam100-lr10-s43-rl160/logs/train_rlstep000_160.jsonl,a2773a82ad49cb9c35f6c72b0b591cacbe65e1440ee6cec0749dc18d359191d8,8011225,True,True
pd8b-top040-lam100-lr10-s43-rl160,evaluation_log,40,/volume/posttrain/users/lsk/nvc-repo/sgd_rlvr_reproduce/checkpoints/paperD_rl160/pd8b-top040-lam100-lr10-s43-rl160/logs/eval_rlstep040.jsonl,e583bf85ee33a4b9bbbf8f89c0ad2f97ba8791d8b3004346251499d2b1bf05ad,2418322,True,True
pd8b-top040-lam100-lr10-s43-rl160,evaluation_log,80,/volume/posttrain/users/lsk/nvc-repo/sgd_rlvr_reproduce/checkpoints/paperD_rl160/pd8b-top040-lam100-lr10-s43-rl160/logs/eval_rlstep080.jsonl,63b70992ddaf819b56e7f3a9cf8cab5a013cf2b746a2e85b3897573266d69db2,2447960,True,True
pd8b-top040-lam100-lr10-s43-rl160,evaluation_log,120,/volume/posttrain/users/lsk/nvc-repo/sgd_rlvr_reproduce/checkpoints/paperD_rl160/pd8b-top040-lam100-lr10-s43-rl160/logs/eval_rlstep120.jsonl,2bf1201510457a4b1186f34fd2f9e5280c82fe174b682ebe1af55b400f1e5a27,2430078,True,True
pd8b-top040-lam100-lr10-s43-rl160,evaluation_log,160,/volume/posttrain/users/lsk/nvc-repo/sgd_rlvr_reproduce/checkpoints/paperD_rl160/pd8b-top040-lam100-lr10-s43-rl160/logs/eval_rlstep160.jsonl,c20f07fcb563707a3b6e5ecec66137310651bed84956e08f005a674b3a872b98,2437892,True,True
pd8b-top040-lam100-lr10-s43-rl160,checkpoint_manifest,40,/volume/posttrain/users/lsk/nvc-repo/sgd_rlvr_reproduce/checkpoints/paperD_rl160/pd8b-top040-lam100-lr10-s43-rl160/manifests/checkpoint_rlstep040.sha256,5f28a17997e9b4d8b16a641a6b597effe1cc4169eea99251ef7fc349d3ef29d3,86365,True,True
pd8b-top040-lam100-lr10-s43-rl160,checkpoint_manifest,80,/volume/posttrain/users/lsk/nvc-repo/sgd_rlvr_reproduce/checkpoints/paperD_rl160/pd8b-top040-lam100-lr10-s43-rl160/manifests/checkpoint_rlstep080.sha256,9aa9400ed14e51e460e815902f06578499dfaafd5287fd63ca1acd103e58f574,51190,True,True
pd8b-top040-lam100-lr10-s43-rl160,checkpoint_manifest,120,/volume/posttrain/users/lsk/nvc-repo/sgd_rlvr_reproduce/checkpoints/paperD_rl160/pd8b-top040-lam100-lr10-s43-rl160/manifests/checkpoint_rlstep120.sha256,768e9ae086ad1a35ff228619b094fa0fccf3be84e3303a19cf7c29cd3310c55b,90312,True,True
pd8b-top040-lam100-lr10-s43-rl160,checkpoint_manifest,160,/volume/posttrain/users/lsk/nvc-repo/sgd_rlvr_reproduce/checkpoints/paperD_rl160/pd8b-top040-lam100-lr10-s43-rl160/manifests/checkpoint_rlstep160.sha256,7a7a647d97c11ef76d73fa152edd3fa2473438588536f7474697bf030e41a195,59196,True,True
pd8b-top040-lam100-lr10-s43-rl160,resolved_config,,/volume/posttrain/users/lsk/nvc-repo/sgd_rlvr_reproduce/checkpoints/paperD_rl160/pd8b-top040-lam100-lr10-s43-rl160/manifests/resolved_config.yaml,cc1a037afe922fff6c0cefecfa5caafcd45cf236df95468d66de31b5c3303fdb,79551,True,True
pd8b-top040-lam100-lr10-s43-rl160,environment,,/volume/posttrain/users/lsk/nvc-repo/sgd_rlvr_reproduce/checkpoints/paperD_rl160/pd8b-top040-lam100-lr10-s43-rl160/manifests/environment.json,fabef53bbbd967f734a279afca9c3d3ec898374192362decf682dcb4b01542cb,52889,True,True
pd8b-top040-lam100-lr10-s43-rl160,rollout_prompt_manifest,,/volume/posttrain/users/lsk/nvc-repo/sgd_rlvr_reproduce/checkpoints/paperD_rl160/pd8b-top040-lam100-lr10-s43-rl160/manifests/rollout_prompt_ids.jsonl,c023bcc102bf83537a57a3fa7144f3d4e0c72db881f0614841f6c81ba92a0a89,24040804,True,True
pd8b-top040-lam100-lr10-s44-rl160,train_log,,/volume/posttrain/users/lsk/nvc-repo/sgd_rlvr_reproduce/checkpoints/paperD_rl160/pd8b-top040-lam100-lr10-s44-rl160/logs/train_rlstep000_160.jsonl,08323480ef48edabcbde13503c0ce5976098023c13a585ed82c962978b9cf866,8008496,True,True
pd8b-top040-lam100-lr10-s44-rl160,evaluation_log,40,/volume/posttrain/users/lsk/nvc-repo/sgd_rlvr_reproduce/checkpoints/paperD_rl160/pd8b-top040-lam100-lr10-s44-rl160/logs/eval_rlstep040.jsonl,d7e2e94af70b11c1211317fa044bdccb4d93dfce11af1af83e5e30edfb367c74,2401379,True,True
pd8b-top040-lam100-lr10-s44-rl160,evaluation_log,80,/volume/posttrain/users/lsk/nvc-repo/sgd_rlvr_reproduce/checkpoints/paperD_rl160/pd8b-top040-lam100-lr10-s44-rl160/logs/eval_rlstep080.jsonl,59ce55d044af0e6e7c61b7445f33fe2eec32584782836ab346ea9904ead62103,2403659,True,True
pd8b-top040-lam100-lr10-s44-rl160,evaluation_log,120,/volume/posttrain/users/lsk/nvc-repo/sgd_rlvr_reproduce/checkpoints/paperD_rl160/pd8b-top040-lam100-lr10-s44-rl160/logs/eval_rlstep120.jsonl,01338bc5c9ff93bbd4b8e2c96e0e7a7a259f5c4864064a02a5a4b0ff03167019,2408533,True,True
pd8b-top040-lam100-lr10-s44-rl160,evaluation_log,160,/volume/posttrain/users/lsk/nvc-repo/sgd_rlvr_reproduce/checkpoints/paperD_rl160/pd8b-top040-lam100-lr10-s44-rl160/logs/eval_rlstep160.jsonl,12d96e5c4b7d6fb1e9a5737b12dc2ba416ec6d1221de0a827ecd0bfb392d9239,2416698,True,True
pd8b-top040-lam100-lr10-s44-rl160,checkpoint_manifest,40,/volume/posttrain/users/lsk/nvc-repo/sgd_rlvr_reproduce/checkpoints/paperD_rl160/pd8b-top040-lam100-lr10-s44-rl160/manifests/checkpoint_rlstep040.sha256,abf4b9044f7ccd24cd7a06f3f884c9ce0e74244f704cf3adf17fe5a3dc57e89c,95208,True,True
pd8b-top040-lam100-lr10-s44-rl160,checkpoint_manifest,80,/volume/posttrain/users/lsk/nvc-repo/sgd_rlvr_reproduce/checkpoints/paperD_rl160/pd8b-top040-lam100-lr10-s44-rl160/manifests/checkpoint_rlstep080.sha256,bac340098f750b254746852d34cadc72e16ee4b78d678df94f7a844ea6e08cf1,92143,True,True
pd8b-top040-lam100-lr10-s44-rl160,checkpoint_manifest,120,/volume/posttrain/users/lsk/nvc-repo/sgd_rlvr_reproduce/checkpoints/paperD_rl160/pd8b-top040-lam100-lr10-s44-rl160/manifests/checkpoint_rlstep120.sha256,19c2765a2b07b6756934c3b8ec58b69cf544ba8e8a7b8ebb83a3ef84073a69c0,63147,True,True
pd8b-top040-lam100-lr10-s44-rl160,checkpoint_manifest,160,/volume/posttrain/users/lsk/nvc-repo/sgd_rlvr_reproduce/checkpoints/paperD_rl160/pd8b-top040-lam100-lr10-s44-rl160/manifests/checkpoint_rlstep160.sha256,9937aab46f6f9dfea7bd5de8367c79e9be2fc39c7403dc24aee320a29cc8f333,54835,True,True
pd8b-top040-lam100-lr10-s44-rl160,resolved_config,,/volume/posttrain/users/lsk/nvc-repo/sgd_rlvr_reproduce/checkpoints/paperD_rl160/pd8b-top040-lam100-lr10-s44-rl160/manifests/resolved_config.yaml,521df40ef07e33efd60d4853b4df6cf7c11915c79482c6c0514dfff69127b7e3,47476,True,True
pd8b-top040-lam100-lr10-s44-rl160,environment,,/volume/posttrain/users/lsk/nvc-repo/sgd_rlvr_reproduce/checkpoints/paperD_rl160/pd8b-top040-lam100-lr10-s44-rl160/manifests/environment.json,aaef54deccb8905726de7fc0580b8021cb363d9fbb0fa6e8692b4632361f1144,51958,True,True
pd8b-top040-lam100-lr10-s44-rl160,rollout_prompt_manifest,,/volume/posttrain/users/lsk/nvc-repo/sgd_rlvr_reproduce/checkpoints/paperD_rl160/pd8b-top040-lam100-lr10-s44-rl160/manifests/rollout_prompt_ids.jsonl,a6ece5f1d7567441a124799a8e72eeb132ca7750dbaf5bad999f8b434d0f13f8,24048511,True,True
pd8b-top040-lam100-lr20-s42-rl160,train_log,,/volume/posttrain/users/lsk/nvc-repo/sgd_rlvr_reproduce/checkpoints/paperD_rl160/pd8b-top040-lam100-lr20-s42-rl160/logs/train_rlstep000_160.jsonl,6b079bfcda1947fe0d4bcc79d39e5cc713a46f0fd2f568148c91ca9d3c58f8cb,8011212,True,True
pd8b-top040-lam100-lr20-s42-rl160,evaluation_log,40,/volume/posttrain/users/lsk/nvc-repo/sgd_rlvr_reproduce/checkpoints/paperD_rl160/pd8b-top040-lam100-lr20-s42-rl160/logs/eval_rlstep040.jsonl,069b8008cab8b3672327a7c7c04a7a1e3344adb09ab55071d7f193f607ff7311,2428684,True,True
pd8b-top040-lam100-lr20-s42-rl160,evaluation_log,80,/volume/posttrain/users/lsk/nvc-repo/sgd_rlvr_reproduce/checkpoints/paperD_rl160/pd8b-top040-lam100-lr20-s42-rl160/logs/eval_rlstep080.jsonl,4381502386b7b392290687fd5b66a81cef78b6cf4290b7691b854d9892174ada,2415852,True,True
pd8b-top040-lam100-lr20-s42-rl160,evaluation_log,120,/volume/posttrain/users/lsk/nvc-repo/sgd_rlvr_reproduce/checkpoints/paperD_rl160/pd8b-top040-lam100-lr20-s42-rl160/logs/eval_rlstep120.jsonl,9920b39774c4cca39439ba3aa3f0b6bf67af37c1d5481b79db6aa47105f1cbb5,2429397,True,True
pd8b-top040-lam100-lr20-s42-rl160,evaluation_log,160,/volume/posttrain/users/lsk/nvc-repo/sgd_rlvr_reproduce/checkpoints/paperD_rl160/pd8b-top040-lam100-lr20-s42-rl160/logs/eval_rlstep160.jsonl,18dd9210816963aa955685012e6d50b7df8e64d54ffb2463867c371b53ff38e7,2432870,True,True
pd8b-top040-lam100-lr20-s42-rl160,checkpoint_manifest,40,/volume/posttrain/users/lsk/nvc-repo/sgd_rlvr_reproduce/checkpoints/paperD_rl160/pd8b-top040-lam100-lr20-s42-rl160/manifests/checkpoint_rlstep040.sha256,6eb007b4d8e2760a98dfc7edab1960d019cb055d99ad4527a8b0c59cf6fc9f6d,48487,True,True
pd8b-top040-lam100-lr20-s42-rl160,checkpoint_manifest,80,/volume/posttrain/users/lsk/nvc-repo/sgd_rlvr_reproduce/checkpoints/paperD_rl160/pd8b-top040-lam100-lr20-s42-rl160/manifests/checkpoint_rlstep080.sha256,99fc50b63e7510e3438c924996433bd6aace42c15ca4a3113a7bccbb657fb3d0,77437,True,True
pd8b-top040-lam100-lr20-s42-rl160,checkpoint_manifest,120,/volume/posttrain/users/lsk/nvc-repo/sgd_rlvr_reproduce/checkpoints/paperD_rl160/pd8b-top040-lam100-lr20-s42-rl160/manifests/checkpoint_rlstep120.sha256,a2c12a3c2110355c806990834f02f4422c079af65557d753515c9bd934bfd902,52662,True,True
pd8b-top040-lam100-lr20-s42-rl160,checkpoint_manifest,160,/volume/posttrain/users/lsk/nvc-repo/sgd_rlvr_reproduce/checkpoints/paperD_rl160/pd8b-top040-lam100-lr20-s42-rl160/manifests/checkpoint_rlstep160.sha256,4220a2d15af5bc9bd22db384b4427eb70953bf67ed48a1a8a083ef4a536bbea5,64718,True,True
pd8b-top040-lam100-lr20-s42-rl160,resolved_config,,/volume/posttrain/users/lsk/nvc-repo/sgd_rlvr_reproduce/checkpoints/paperD_rl160/pd8b-top040-lam100-lr20-s42-rl160/manifests/resolved_config.yaml,5eeed718371031b54a7a2519cc469e6a42a93eb07a52bd271bf689d34b45cfc4,68098,True,True
pd8b-top040-lam100-lr20-s42-rl160,environment,,/volume/posttrain/users/lsk/nvc-repo/sgd_rlvr_reproduce/checkpoints/paperD_rl160/pd8b-top040-lam100-lr20-s42-rl160/manifests/environment.json,5164916bacc488d26e7ee61e96e29f9d94bdf94aa4d28d6f024ba9783e5a5ee3,44590,True,True
pd8b-top040-lam100-lr20-s42-rl160,rollout_prompt_manifest,,/volume/posttrain/users/lsk/nvc-repo/sgd_rlvr_reproduce/checkpoints/paperD_rl160/pd8b-top040-lam100-lr20-s42-rl160/manifests/rollout_prompt_ids.jsonl,4fa8902cbed7bb6abef7e651cc3867834c1cd6d8d970c42966b7d86d5ada71e4,24008418,True,True
pd8b-top040-lam100-lr20-s43-rl160,train_log,,/volume/posttrain/users/lsk/nvc-repo/sgd_rlvr_reproduce/checkpoints/paperD_rl160/pd8b-top040-lam100-lr20-s43-rl160/logs/train_rlstep000_160.jsonl,7fdb13b94498e3ebecb379b48a4385cc43a954be729a0b444e5aaec75c3f1fa1,8035073,True,True
pd8b-top040-lam100-lr20-s43-rl160,evaluation_log,40,/volume/posttrain/users/lsk/nvc-repo/sgd_rlvr_reproduce/checkpoints/paperD_rl160/pd8b-top040-lam100-lr20-s43-rl160/logs/eval_rlstep040.jsonl,5a849ad0d17db8cd2536ff3df354dc33adde0e61b22b174f7c58acf1a85e3fa6,2435480,True,True
pd8b-top040-lam100-lr20-s43-rl160,evaluation_log,80,/volume/posttrain/users/lsk/nvc-repo/sgd_rlvr_reproduce/checkpoints/paperD_rl160/pd8b-top040-lam100-lr20-s43-rl160/logs/eval_rlstep080.jsonl,063719e15503a18b064dd25c5909346879147fbd24e622691aa362933fc2dbc7,2423142,True,True
pd8b-top040-lam100-lr20-s43-rl160,evaluation_log,120,/volume/posttrain/users/lsk/nvc-repo/sgd_rlvr_reproduce/checkpoints/paperD_rl160/pd8b-top040-lam100-lr20-s43-rl160/logs/eval_rlstep120.jsonl,1239cb6e1c45d35a9847780dcbbef73bb1937d1ba6085777e27b84ffd854cb26,2419147,True,True
pd8b-top040-lam100-lr20-s43-rl160,evaluation_log,160,/volume/posttrain/users/lsk/nvc-repo/sgd_rlvr_reproduce/checkpoints/paperD_rl160/pd8b-top040-lam100-lr20-s43-rl160/logs/eval_rlstep160.jsonl,0454b76a15850a9a353f4309d3332a5b0f03b2356cfd50c29f5238fa71495510,2418595,True,True
pd8b-top040-lam100-lr20-s43-rl160,checkpoint_manifest,40,/volume/posttrain/users/lsk/nvc-repo/sgd_rlvr_reproduce/checkpoints/paperD_rl160/pd8b-top040-lam100-lr20-s43-rl160/manifests/checkpoint_rlstep040.sha256,1a03783c29206698daeffb126cb5daeb9efd2b38fac0082dae401019cd04ccd8,63767,True,True
pd8b-top040-lam100-lr20-s43-rl160,checkpoint_manifest,80,/volume/posttrain/users/lsk/nvc-repo/sgd_rlvr_reproduce/checkpoints/paperD_rl160/pd8b-top040-lam100-lr20-s43-rl160/manifests/checkpoint_rlstep080.sha256,fb480e6d3d46bf251f52e287da80f7681b85ee4edb83e906aa56c014258d66ba,76483,True,True
pd8b-top040-lam100-lr20-s43-rl160,checkpoint_manifest,120,/volume/posttrain/users/lsk/nvc-repo/sgd_rlvr_reproduce/checkpoints/paperD_rl160/pd8b-top040-lam100-lr20-s43-rl160/manifests/checkpoint_rlstep120.sha256,9ea831df01c012c84b8b1f7edd93ac1a0dbc4229256c4e99f1d1fcbb7bdc56f3,52018,True,True
pd8b-top040-lam100-lr20-s43-rl160,checkpoint_manifest,160,/volume/posttrain/users/lsk/nvc-repo/sgd_rlvr_reproduce/checkpoints/paperD_rl160/pd8b-top040-lam100-lr20-s43-rl160/manifests/checkpoint_rlstep160.sha256,25cd0684a0bbe779f2a7376a6c4c3a19672df4d9da4b8d18a894d58f15d078be,81891,True,True
pd8b-top040-lam100-lr20-s43-rl160,resolved_config,,/volume/posttrain/users/lsk/nvc-repo/sgd_rlvr_reproduce/checkpoints/paperD_rl160/pd8b-top040-lam100-lr20-s43-rl160/manifests/resolved_config.yaml,816a595dab8a2411a9e892e01d692ef3447628c9892ce8150edaeee65f2335c8,36510,True,True
pd8b-top040-lam100-lr20-s43-rl160,environment,,/volume/posttrain/users/lsk/nvc-repo/sgd_rlvr_reproduce/checkpoints/paperD_rl160/pd8b-top040-lam100-lr20-s43-rl160/manifests/environment.json,ec6dfd1f3c1a08d4fd5f5c8ec264bbdf25e4a8a324972fa2df16d18faf6fa755,31837,True,True
pd8b-top040-lam100-lr20-s43-rl160,rollout_prompt_manifest,,/volume/posttrain/users/lsk/nvc-repo/sgd_rlvr_reproduce/checkpoints/paperD_rl160/pd8b-top040-lam100-lr20-s43-rl160/manifests/rollout_prompt_ids.jsonl,304b1727653a3012e65dc2f4b7556722274480504edc2030be9a0f7d48151812,24038239,True,True
pd8b-top040-lam100-lr20-s44-rl160,train_log,,/volume/posttrain/users/lsk/nvc-repo/sgd_rlvr_reproduce/checkpoints/paperD_rl160/pd8b-top040-lam100-lr20-s44-rl160/logs/train_rlstep000_160.jsonl,5fdb227b4af8db29fe170b7b4f21b28e09d8047713412faa2b5431fcfa926f1a,8017746,True,True
pd8b-top040-lam100-lr20-s44-rl160,evaluation_log,40,/volume/posttrain/users/lsk/nvc-repo/sgd_rlvr_reproduce/checkpoints/paperD_rl160/pd8b-top040-lam100-lr20-s44-rl160/logs/eval_rlstep040.jsonl,7e3925a2724bc57ee15453f8be2237cdf1838a34d5ca8576e6bf389c6e4f139b,2446023,True,True
pd8b-top040-lam100-lr20-s44-rl160,evaluation_log,80,/volume/posttrain/users/lsk/nvc-repo/sgd_rlvr_reproduce/checkpoints/paperD_rl160/pd8b-top040-lam100-lr20-s44-rl160/logs/eval_rlstep080.jsonl,9ac248100dbc69e2af52b6c866daa1f1e68e724a3ae22700f5fabe82c3ca5c24,2413241,True,True
pd8b-top040-lam100-lr20-s44-rl160,evaluation_log,120,/volume/posttrain/users/lsk/nvc-repo/sgd_rlvr_reproduce/checkpoints/paperD_rl160/pd8b-top040-lam100-lr20-s44-rl160/logs/eval_rlstep120.jsonl,95efdd6d530a0c25b65d7cd56809d5bcbaefdeafbbdbfa1f32b09c06f59c507e,2413963,True,True
pd8b-top040-lam100-lr20-s44-rl160,evaluation_log,160,/volume/posttrain/users/lsk/nvc-repo/sgd_rlvr_reproduce/checkpoints/paperD_rl160/pd8b-top040-lam100-lr20-s44-rl160/logs/eval_rlstep160.jsonl,2c1da59e2aa0a10ffcad0627f70e482960e5301e96185c7b0adf67b9ccf2608d,2428246,True,True
pd8b-top040-lam100-lr20-s44-rl160,checkpoint_manifest,40,/volume/posttrain/users/lsk/nvc-repo/sgd_rlvr_reproduce/checkpoints/paperD_rl160/pd8b-top040-lam100-lr20-s44-rl160/manifests/checkpoint_rlstep040.sha256,33ae87926513ae16b20ff9c47f8555231cc104817b21d1776e3842042feb5393,61101,True,True
pd8b-top040-lam100-lr20-s44-rl160,checkpoint_manifest,80,/volume/posttrain/users/lsk/nvc-repo/sgd_rlvr_reproduce/checkpoints/paperD_rl160/pd8b-top040-lam100-lr20-s44-rl160/manifests/checkpoint_rlstep080.sha256,9fdd0a646c1a6cf271de67d0442c77b8d9e9a1c4fc7dfe56f6d6b8b0389f24f7,66385,True,True
pd8b-top040-lam100-lr20-s44-rl160,checkpoint_manifest,120,/volume/posttrain/users/lsk/nvc-repo/sgd_rlvr_reproduce/checkpoints/paperD_rl160/pd8b-top040-lam100-lr20-s44-rl160/manifests/checkpoint_rlstep120.sha256,6bfdcff33ff41512e38db3a311d69af7416f0b6b85fc96a8d3da558307909d3a,63430,True,True
pd8b-top040-lam100-lr20-s44-rl160,checkpoint_manifest,160,/volume/posttrain/users/lsk/nvc-repo/sgd_rlvr_reproduce/checkpoints/paperD_rl160/pd8b-top040-lam100-lr20-s44-rl160/manifests/checkpoint_rlstep160.sha256,77a762a07440cacd513ab5b292204ec885a249a70d75011a2f7192a4326f5ca9,54025,True,True
pd8b-top040-lam100-lr20-s44-rl160,resolved_config,,/volume/posttrain/users/lsk/nvc-repo/sgd_rlvr_reproduce/checkpoints/paperD_rl160/pd8b-top040-lam100-lr20-s44-rl160/manifests/resolved_config.yaml,0f85a322fcd32498b2a9197151557733a3d6f057434c003c57b69d3b6f5a5f03,62314,True,True
pd8b-top040-lam100-lr20-s44-rl160,environment,,/volume/posttrain/users/lsk/nvc-repo/sgd_rlvr_reproduce/checkpoints/paperD_rl160/pd8b-top040-lam100-lr20-s44-rl160/manifests/environment.json,880ea9cf9a329a1b4beee3d4a66220de467c57d45d7f752c3389841fd857155e,59076,True,True
pd8b-top040-lam100-lr20-s44-rl160,rollout_prompt_manifest,,/volume/posttrain/users/lsk/nvc-repo/sgd_rlvr_reproduce/checkpoints/paperD_rl160/pd8b-top040-lam100-lr20-s44-rl160/manifests/rollout_prompt_ids.jsonl,2d0d6b0bc77f478e566110f86415bb24cd7897732fcf23e50fa11618804f205a,24043494,True,True
pd8b-top040-lam010-lr01-s42-rl160,train_log,,/volume/posttrain/users/lsk/nvc-repo/sgd_rlvr_reproduce/checkpoints/paperD_rl160/pd8b-top040-lam010-lr01-s42-rl160/logs/train_rlstep000_160.jsonl,320927eb49c560c2e8ba95a6c16ba35499ad78bf872d2fde031cf5d3118cb66b,8015473,True,True
pd8b-top040-lam010-lr01-s42-rl160,evaluation_log,40,/volume/posttrain/users/lsk/nvc-repo/sgd_rlvr_reproduce/checkpoints/paperD_rl160/pd8b-top040-lam010-lr01-s42-rl160/logs/eval_rlstep040.jsonl,e3179afb1f5e67eaafa0af1ce212b8b6af08384e07f4a511ce4c5fcbd5642987,2435864,True,True
pd8b-top040-lam010-lr01-s42-rl160,evaluation_log,80,/volume/posttrain/users/lsk/nvc-repo/sgd_rlvr_reproduce/checkpoints/paperD_rl160/pd8b-top040-lam010-lr01-s42-rl160/logs/eval_rlstep080.jsonl,f6d69499955a6d68019207fd140ba4ea9d91acc1275e814969e65be93e1eee49,2431693,True,True
pd8b-top040-lam010-lr01-s42-rl160,evaluation_log,120,/volume/posttrain/users/lsk/nvc-repo/sgd_rlvr_reproduce/checkpoints/paperD_rl160/pd8b-top040-lam010-lr01-s42-rl160/logs/eval_rlstep120.jsonl,56cda98c0a9c05aaedddf67187101dfd6672e4d7f3a83c4e5ac4e69566a97097,2437914,True,True
pd8b-top040-lam010-lr01-s42-rl160,evaluation_log,160,/volume/posttrain/users/lsk/nvc-repo/sgd_rlvr_reproduce/checkpoints/paperD_rl160/pd8b-top040-lam010-lr01-s42-rl160/logs/eval_rlstep160.jsonl,4eadf2e8aafa02a83de41e939a7c3291ca6b043d10eb4ae3a7d23169b5816085,2413112,True,True
pd8b-top040-lam010-lr01-s42-rl160,checkpoint_manifest,40,/volume/posttrain/users/lsk/nvc-repo/sgd_rlvr_reproduce/checkpoints/paperD_rl160/pd8b-top040-lam010-lr01-s42-rl160/manifests/checkpoint_rlstep040.sha256,967d2e6113368cdcdd21ed4f4ac8c2bce28cbd6bc9420f796a67822153f4fe89,59274,True,True
pd8b-top040-lam010-lr01-s42-rl160,checkpoint_manifest,80,/volume/posttrain/users/lsk/nvc-repo/sgd_rlvr_reproduce/checkpoints/paperD_rl160/pd8b-top040-lam010-lr01-s42-rl160/manifests/checkpoint_rlstep080.sha256,c0b6e1dcc50ed9c893d792353a962945bdec508268573a0aad676fc4b94b3677,96880,True,True
pd8b-top040-lam010-lr01-s42-rl160,checkpoint_manifest,120,/volume/posttrain/users/lsk/nvc-repo/sgd_rlvr_reproduce/checkpoints/paperD_rl160/pd8b-top040-lam010-lr01-s42-rl160/manifests/checkpoint_rlstep120.sha256,3fde0f8884e00439ec5b282a9285fe998b3b9c624cb64ce537ecded72184d5b4,76693,True,True
pd8b-top040-lam010-lr01-s42-rl160,checkpoint_manifest,160,/volume/posttrain/users/lsk/nvc-repo/sgd_rlvr_reproduce/checkpoints/paperD_rl160/pd8b-top040-lam010-lr01-s42-rl160/manifests/checkpoint_rlstep160.sha256,65b35907072788dc51c7281215c1806fae7a1dd6fe47e4c49f0f3a56ca8b1a1a,88551,True,True
pd8b-top040-lam010-lr01-s42-rl160,resolved_config,,/volume/posttrain/users/lsk/nvc-repo/sgd_rlvr_reproduce/checkpoints/paperD_rl160/pd8b-top040-lam010-lr01-s42-rl160/manifests/resolved_config.yaml,65e105618134a96f7d937c1ad441e65dacdaaa35a47e1cd5359bc66dc825d555,61272,True,True
pd8b-top040-lam010-lr01-s42-rl160,environment,,/volume/posttrain/users/lsk/nvc-repo/sgd_rlvr_reproduce/checkpoints/paperD_rl160/pd8b-top040-lam010-lr01-s42-rl160/manifests/environment.json,d4bcbac3707a3e9df5a27da16372793fcca8df6be042cb9f3a3b8631806995f6,54898,True,True
pd8b-top040-lam010-lr01-s42-rl160,rollout_prompt_manifest,,/volume/posttrain/users/lsk/nvc-repo/sgd_rlvr_reproduce/checkpoints/paperD_rl160/pd8b-top040-lam010-lr01-s42-rl160/manifests/rollout_prompt_ids.jsonl,3395ba0191545c79ac8e4d8671bd7e5661382746a4fa847d36542ce0bc8a576e,24013296,True,True
pd8b-top040-lam010-lr01-s43-rl160,train_log,,/volume/posttrain/users/lsk/nvc-repo/sgd_rlvr_reproduce/checkpoints/paperD_rl160/pd8b-top040-lam010-lr01-s43-rl160/logs/train_rlstep000_160.jsonl,1d0fbcaec05f787ce49d5083e7caf44f681f9041785179f3e15018983c0de0de,8048663,True,True
pd8b-top040-lam010-lr01-s43-rl160,evaluation_log,40,/volume/posttrain/users/lsk/nvc-repo/sgd_rlvr_reproduce/checkpoints/paperD_rl160/pd8b-top040-lam010-lr01-s43-rl160/logs/eval_rlstep040.jsonl,6637f61325f918e656c1098fc8f63e8185ad61d138d8f86dacb5f3ed55ac5ff9,2445140,True,True
pd8b-top040-lam010-lr01-s43-rl160,evaluation_log,80,/volume/posttrain/users/lsk/nvc-repo/sgd_rlvr_reproduce/checkpoints/paperD_rl160/pd8b-top040-lam010-lr01-s43-rl160/logs/eval_rlstep080.jsonl,a333e59c1594f522c3d414962bc32718b3df1937df5b2da94076dcccba614334,2444538,True,True
pd8b-top040-lam010-lr01-s43-rl160,evaluation_log,120,/volume/posttrain/users/lsk/nvc-repo/sgd_rlvr_reproduce/checkpoints/paperD_rl160/pd8b-top040-lam010-lr01-s43-rl160/logs/eval_rlstep120.jsonl,465f29d3f49c18b93fa94471322c1df9d2e648638257b10f3a829091dc950e1b,2404493,True,True
pd8b-top040-lam010-lr01-s43-rl160,evaluation_log,160,/volume/posttrain/users/lsk/nvc-repo/sgd_rlvr_reproduce/checkpoints/paperD_rl160/pd8b-top040-lam010-lr01-s43-rl160/logs/eval_rlstep160.jsonl,dad4f5a7ec835a98b4627a4ae95aea0c1068f32add64f5e1992b30db418e1b65,2429291,True,True
pd8b-top040-lam010-lr01-s43-rl160,checkpoint_manifest,40,/volume/posttrain/users/lsk/nvc-repo/sgd_rlvr_reproduce/checkpoints/paperD_rl160/pd8b-top040-lam010-lr01-s43-rl160/manifests/checkpoint_rlstep040.sha256,084e48cb12e7b364560665715cb0bf12a05020bd30ac6ec36e0853787e1018ca,77342,True,True
pd8b-top040-lam010-lr01-s43-rl160,checkpoint_manifest,80,/volume/posttrain/users/lsk/nvc-repo/sgd_rlvr_reproduce/checkpoints/paperD_rl160/pd8b-top040-lam010-lr01-s43-rl160/manifests/checkpoint_rlstep080.sha256,22cd81962d78300aea16348424a3569c005196e1562179ac6bcb2068e8c7703d,97608,True,True
pd8b-top040-lam010-lr01-s43-rl160,checkpoint_manifest,120,/volume/posttrain/users/lsk/nvc-repo/sgd_rlvr_reproduce/checkpoints/paperD_rl160/pd8b-top040-lam010-lr01-s43-rl160/manifests/checkpoint_rlstep120.sha256,db4d573992f8e0067006e354a284060090cca4839586b1747b624396e7786e8d,74959,True,True
pd8b-top040-lam010-lr01-s43-rl160,checkpoint_manifest,160,/volume/posttrain/users/lsk/nvc-repo/sgd_rlvr_reproduce/checkpoints/paperD_rl160/pd8b-top040-lam010-lr01-s43-rl160/manifests/checkpoint_rlstep160.sha256,7a08c073a7eb5f0ac6081953410b3215d24aa2443415b3e2d80b36a408d8b3b2,74175,True,True
pd8b-top040-lam010-lr01-s43-rl160,resolved_config,,/volume/posttrain/users/lsk/nvc-repo/sgd_rlvr_reproduce/checkpoints/paperD_rl160/pd8b-top040-lam010-lr01-s43-rl160/manifests/resolved_config.yaml,a182a1118a67251ec123d30e5cb5d42a40c57210c755990869f4ff6e6209a94f,46879,True,True
pd8b-top040-lam010-lr01-s43-rl160,environment,,/volume/posttrain/users/lsk/nvc-repo/sgd_rlvr_reproduce/checkpoints/paperD_rl160/pd8b-top040-lam010-lr01-s43-rl160/manifests/environment.json,593f7dbbabc269b872da7529460b36902b2930b88a16fbd277d0c9af2de92dd1,41167,True,True
pd8b-top040-lam010-lr01-s43-rl160,rollout_prompt_manifest,,/volume/posttrain/users/lsk/nvc-repo/sgd_rlvr_reproduce/checkpoints/paperD_rl160/pd8b-top040-lam010-lr01-s43-rl160/manifests/rollout_prompt_ids.jsonl,6f95929ff74b1896a0effa5069142620735dcb5a04387367dafe2e1d1d176461,24008541,True,True
pd8b-top040-lam010-lr01-s44-rl160,train_log,,/volume/posttrain/users/lsk/nvc-repo/sgd_rlvr_reproduce/checkpoints/paperD_rl160/pd8b-top040-lam010-lr01-s44-rl160/logs/train_rlstep000_160.jsonl,b2f6c54c914bbdad0abc29b93de83031fe27423491ad97409960f85b7db06f0a,8026084,True,True
pd8b-top040-lam010-lr01-s44-rl160,evaluation_log,40,/volume/posttrain/users/lsk/nvc-repo/sgd_rlvr_reproduce/checkpoints/paperD_rl160/pd8b-top040-lam010-lr01-s44-rl160/logs/eval_rlstep040.jsonl,4f49740df29c2bc12defda107e49cb53fd7df09b605774210876ebadb5847f07,2449780,True,True
pd8b-top040-lam010-lr01-s44-rl160,evaluation_log,80,/volume/posttrain/users/lsk/nvc-repo/sgd_rlvr_reproduce/checkpoints/paperD_rl160/pd8b-top040-lam010-lr01-s44-rl160/logs/eval_rlstep080.jsonl,521fa4b0c468bd72e64365c8bc1707c9817b8111fd66c72fceb7528f12892404,2427439,True,True
pd8b-top040-lam010-lr01-s44-rl160,evaluation_log,120,/volume/posttrain/users/lsk/nvc-repo/sgd_rlvr_reproduce/checkpoints/paperD_rl160/pd8b-top040-lam010-lr01-s44-rl160/logs/eval_rlstep120.jsonl,c27466b146178808850d3067fd5e64e5d249623513889ccf7522744922c6b5a2,2411913,True,True
pd8b-top040-lam010-lr01-s44-rl160,evaluation_log,160,/volume/posttrain/users/lsk/nvc-repo/sgd_rlvr_reproduce/checkpoints/paperD_rl160/pd8b-top040-lam010-lr01-s44-rl160/logs/eval_rlstep160.jsonl,dd4b02ca705aafcdb04006d04507968db4cb858f021c31a7db647186a6e2fa87,2446417,True,True
pd8b-top040-lam010-lr01-s44-rl160,checkpoint_manifest,40,/volume/posttrain/users/lsk/nvc-repo/sgd_rlvr_reproduce/checkpoints/paperD_rl160/pd8b-top040-lam010-lr01-s44-rl160/manifests/checkpoint_rlstep040.sha256,67f821e9a9fb44fc2b6341b5c8ee89401e274c3ca1a16ae0b308684e196626d6,70311,True,True
pd8b-top040-lam010-lr01-s44-rl160,checkpoint_manifest,80,/volume/posttrain/users/lsk/nvc-repo/sgd_rlvr_reproduce/checkpoints/paperD_rl160/pd8b-top040-lam010-lr01-s44-rl160/manifests/checkpoint_rlstep080.sha256,b48f06596c5010d51e9df0563722544a4a245d5fa0779d6b1e15caaba6b519e4,62922,True,True
pd8b-top040-lam010-lr01-s44-rl160,checkpoint_manifest,120,/volume/posttrain/users/lsk/nvc-repo/sgd_rlvr_reproduce/checkpoints/paperD_rl160/pd8b-top040-lam010-lr01-s44-rl160/manifests/checkpoint_rlstep120.sha256,dcf05a6e9bbc2809680f1ebeeeadb20a5735cb5c70f3e1e6b3b703cf0040fb10,62407,True,True
pd8b-top040-lam010-lr01-s44-rl160,checkpoint_manifest,160,/volume/posttrain/users/lsk/nvc-repo/sgd_rlvr_reproduce/checkpoints/paperD_rl160/pd8b-top040-lam010-lr01-s44-rl160/manifests/checkpoint_rlstep160.sha256,978c3be99db891032e3e5fb41a8b417e8a89409207378f4ea65dff3cad0213ae,72966,True,True
pd8b-top040-lam010-lr01-s44-rl160,resolved_config,,/volume/posttrain/users/lsk/nvc-repo/sgd_rlvr_reproduce/checkpoints/paperD_rl160/pd8b-top040-lam010-lr01-s44-rl160/manifests/resolved_config.yaml,0cdbdf2e489ba10f2f568150aa18ac6a7415ebf0dac966d4d8485c0deeda4dc6,75947,True,True
pd8b-top040-lam010-lr01-s44-rl160,environment,,/volume/posttrain/users/lsk/nvc-repo/sgd_rlvr_reproduce/checkpoints/paperD_rl160/pd8b-top040-lam010-lr01-s44-rl160/manifests/environment.json,6d38e011dba892a4b2f31df3a4b0a1093065b429332150b85dce28f0dcb0b539,49628,True,True
pd8b-top040-lam010-lr01-s44-rl160,rollout_prompt_manifest,,/volume/posttrain/users/lsk/nvc-repo/sgd_rlvr_reproduce/checkpoints/paperD_rl160/pd8b-top040-lam010-lr01-s44-rl160/manifests/rollout_prompt_ids.jsonl,4fa40ac3c7a26106d08ee42cd65ae7711a9789a9bc4c343d1dd9c40d56a062d4,24042809,True,True
pd8b-top040-lam010-lr05-s42-rl160,train_log,,/volume/posttrain/users/lsk/nvc-repo/sgd_rlvr_reproduce/checkpoints/paperD_rl160/pd8b-top040-lam010-lr05-s42-rl160/logs/train_rlstep000_160.jsonl,d6c5e5e3135640cddfdc2e40a1503f10e6b9888662b621760ec88a4d545757ee,8048810,True,True
pd8b-top040-lam010-lr05-s42-rl160,evaluation_log,40,/volume/posttrain/users/lsk/nvc-repo/sgd_rlvr_reproduce/checkpoints/paperD_rl160/pd8b-top040-lam010-lr05-s42-rl160/logs/eval_rlstep040.jsonl,b1883b74529b7bca3abde0b62777fc320538233df3feefb16aedf798b46a62cc,2400550,True,True
pd8b-top040-lam010-lr05-s42-rl160,evaluation_log,80,/volume/posttrain/users/lsk/nvc-repo/sgd_rlvr_reproduce/checkpoints/paperD_rl160/pd8b-top040-lam010-lr05-s42-rl160/logs/eval_rlstep080.jsonl,bc0c62da74b7518638608a5d8db001dec09a9c40f2e0e5188d7c5bc7d840cc8a,2441457,True,True
pd8b-top040-lam010-lr05-s42-rl160,evaluation_log,120,/volume/posttrain/users/lsk/nvc-repo/sgd_rlvr_reproduce/checkpoints/paperD_rl160/pd8b-top040-lam010-lr05-s42-rl160/logs/eval_rlstep120.jsonl,a63c799381aae36ad7fbe68d32fc7e6733eb7a9957273155ecc3a8ee379688a7,2446187,True,True
pd8b-top040-lam010-lr05-s42-rl160,evaluation_log,160,/volume/posttrain/users/lsk/nvc-repo/sgd_rlvr_reproduce/checkpoints/paperD_rl160/pd8b-top040-lam010-lr05-s42-rl160/logs/eval_rlstep160.jsonl,830252101ad38550adb00bce8d31af69257aa5d5c9c5b7968cd20befe528b141,2400502,True,True
pd8b-top040-lam010-lr05-s42-rl160,checkpoint_manifest,40,/volume/posttrain/users/lsk/nvc-repo/sgd_rlvr_reproduce/checkpoints/paperD_rl160/pd8b-top040-lam010-lr05-s42-rl160/manifests/checkpoint_rlstep040.sha256,50acf65ba806f12a9e38d3dd39c9b8f2ba68bc5da89ce92df13ceebb726d725d,52132,True,True
pd8b-top040-lam010-lr05-s42-rl160,checkpoint_manifest,80,/volume/posttrain/users/lsk/nvc-repo/sgd_rlvr_reproduce/checkpoints/paperD_rl160/pd8b-top040-lam010-lr05-s42-rl160/manifests/checkpoint_rlstep080.sha256,00a58f984776d1ac0044542a825ba27c50123b7efd21f15da94a7372bdbb6a4a,76353,True,True
pd8b-top040-lam010-lr05-s42-rl160,checkpoint_manifest,120,/volume/posttrain/users/lsk/nvc-repo/sgd_rlvr_reproduce/checkpoints/paperD_rl160/pd8b-top040-lam010-lr05-s42-rl160/manifests/checkpoint_rlstep120.sha256,7d16c23a738ae6627f8b04b4d9eeeedb1e16bcf58bc17652451c4130324e5148,93271,True,True
pd8b-top040-lam010-lr05-s42-rl160,checkpoint_manifest,160,/volume/posttrain/users/lsk/nvc-repo/sgd_rlvr_reproduce/checkpoints/paperD_rl160/pd8b-top040-lam010-lr05-s42-rl160/manifests/checkpoint_rlstep160.sha256,377ff220ef69c9757499b2a1f6e6673cfa4e31eeaaf099886ced47d5401588c9,74912,True,True
pd8b-top040-lam010-lr05-s42-rl160,resolved_config,,/volume/posttrain/users/lsk/nvc-repo/sgd_rlvr_reproduce/checkpoints/paperD_rl160/pd8b-top040-lam010-lr05-s42-rl160/manifests/resolved_config.yaml,b3087005b750d8f889e5fe182aebbcbbf5a971121cc00e1e4f0bf5549f337bad,73855,True,True
pd8b-top040-lam010-lr05-s42-rl160,environment,,/volume/posttrain/users/lsk/nvc-repo/sgd_rlvr_reproduce/checkpoints/paperD_rl160/pd8b-top040-lam010-lr05-s42-rl160/manifests/environment.json,5cfa5681ab120cd25a1a56ab8806cc20dc28973fd5f8dc6126177a9c2a03e54a,42403,True,True
pd8b-top040-lam010-lr05-s42-rl160,rollout_prompt_manifest,,/volume/posttrain/users/lsk/nvc-repo/sgd_rlvr_reproduce/checkpoints/paperD_rl160/pd8b-top040-lam010-lr05-s42-rl160/manifests/rollout_prompt_ids.jsonl,f5883c7ef42a6802bcb9a9b63e196998900ae38be408dc1287938a9652280ed7,24044789,True,True
pd8b-top040-lam010-lr05-s43-rl160,train_log,,/volume/posttrain/users/lsk/nvc-repo/sgd_rlvr_reproduce/checkpoints/paperD_rl160/pd8b-top040-lam010-lr05-s43-rl160/logs/train_rlstep000_160.jsonl,26fab54fcac9e1b73c1c425952ce717b451c4d16f262044626ad6c1a4de1f927,8008753,True,True
pd8b-top040-lam010-lr05-s43-rl160,evaluation_log,40,/volume/posttrain/users/lsk/nvc-repo/sgd_rlvr_reproduce/checkpoints/paperD_rl160/pd8b-top040-lam010-lr05-s43-rl160/logs/eval_rlstep040.jsonl,c15aaa50619dff08fde474ad2e64570e7df4dcc31d51797991182669eb78a92b,2418565,True,True
pd8b-top040-lam010-lr05-s43-rl160,evaluation_log,80,/volume/posttrain/users/lsk/nvc-repo/sgd_rlvr_reproduce/checkpoints/paperD_rl160/pd8b-top040-lam010-lr05-s43-rl160/logs/eval_rlstep080.jsonl,26b1849aea99c4755604ff8596dc43075967fe99d464ac6e62c38da1dd43700a,2436783,True,True
pd8b-top040-lam010-lr05-s43-rl160,evaluation_log,120,/volume/posttrain/users/lsk/nvc-repo/sgd_rlvr_reproduce/checkpoints/paperD_rl160/pd8b-top040-lam010-lr05-s43-rl160/logs/eval_rlstep120.jsonl,2e567c31fa24f74ba65082d57d666994a74e614324b160f31a840b2ead0b37be,2425733,True,True
pd8b-top040-lam010-lr05-s43-rl160,evaluation_log,160,/volume/posttrain/users/lsk/nvc-repo/sgd_rlvr_reproduce/checkpoints/paperD_rl160/pd8b-top040-lam010-lr05-s43-rl160/logs/eval_rlstep160.jsonl,cad9018232d572f297fa91850c6d9f06020b35bd6b92c09bfd48b9c052075812,2439095,True,True
pd8b-top040-lam010-lr05-s43-rl160,checkpoint_manifest,40,/volume/posttrain/users/lsk/nvc-repo/sgd_rlvr_reproduce/checkpoints/paperD_rl160/pd8b-top040-lam010-lr05-s43-rl160/manifests/checkpoint_rlstep040.sha256,767dab19d110a536b812e0c719408eb2485b8950161cf12637c114ab7b14087d,74029,True,True
pd8b-top040-lam010-lr05-s43-rl160,checkpoint_manifest,80,/volume/posttrain/users/lsk/nvc-repo/sgd_rlvr_reproduce/checkpoints/paperD_rl160/pd8b-top040-lam010-lr05-s43-rl160/manifests/checkpoint_rlstep080.sha256,2767d53ed52055b871621135455032cec51dcfb2ce3fe399f67796d56589bae9,80696,True,True
pd8b-top040-lam010-lr05-s43-rl160,checkpoint_manifest,120,/volume/posttrain/users/lsk/nvc-repo/sgd_rlvr_reproduce/checkpoints/paperD_rl160/pd8b-top040-lam010-lr05-s43-rl160/manifests/checkpoint_rlstep120.sha256,7983a9cff1aea5343016490db4a33cc1eae08e4621eae0c2eafab844dc76ea38,56995,True,True
pd8b-top040-lam010-lr05-s43-rl160,checkpoint_manifest,160,/volume/posttrain/users/lsk/nvc-repo/sgd_rlvr_reproduce/checkpoints/paperD_rl160/pd8b-top040-lam010-lr05-s43-rl160/manifests/checkpoint_rlstep160.sha256,4067e066369b346d3aaa305112e276f3638a4f0d83edbcb1ca2b4864f610cb0c,81828,True,True
pd8b-top040-lam010-lr05-s43-rl160,resolved_config,,/volume/posttrain/users/lsk/nvc-repo/sgd_rlvr_reproduce/checkpoints/paperD_rl160/pd8b-top040-lam010-lr05-s43-rl160/manifests/resolved_config.yaml,653a8789a72d9735275dccb485984b1da8317adbd3df4782ef3a0f9f50a9185b,55808,True,True
pd8b-top040-lam010-lr05-s43-rl160,environment,,/volume/posttrain/users/lsk/nvc-repo/sgd_rlvr_reproduce/checkpoints/paperD_rl160/pd8b-top040-lam010-lr05-s43-rl160/manifests/environment.json,a9f981085bfb61e4a272b6197ce129daea0159af9915c49444f9fb4b4ca52c82,34360,True,True
pd8b-top040-lam010-lr05-s43-rl160,rollout_prompt_manifest,,/volume/posttrain/users/lsk/nvc-repo/sgd_rlvr_reproduce/checkpoints/paperD_rl160/pd8b-top040-lam010-lr05-s43-rl160/manifests/rollout_prompt_ids.jsonl,3b495ca65b05a01563b496ad6e1e1e75e3fba658120d0ebdd17184f32a15b6f8,24021705,True,True
pd8b-top040-lam010-lr05-s44-rl160,train_log,,/volume/posttrain/users/lsk/nvc-repo/sgd_rlvr_reproduce/checkpoints/paperD_rl160/pd8b-top040-lam010-lr05-s44-rl160/logs/train_rlstep000_160.jsonl,cae6b2b974be3bd91cacc94bd83bdbb85739cc5bad1c598bab7deece39f092fb,8042821,True,True
pd8b-top040-lam010-lr05-s44-rl160,evaluation_log,40,/volume/posttrain/users/lsk/nvc-repo/sgd_rlvr_reproduce/checkpoints/paperD_rl160/pd8b-top040-lam010-lr05-s44-rl160/logs/eval_rlstep040.jsonl,d079987056ce071f47ffb67936f9c1d09f5501ebd4ed9d13afa144472929d93e,2435066,True,True
pd8b-top040-lam010-lr05-s44-rl160,evaluation_log,80,/volume/posttrain/users/lsk/nvc-repo/sgd_rlvr_reproduce/checkpoints/paperD_rl160/pd8b-top040-lam010-lr05-s44-rl160/logs/eval_rlstep080.jsonl,9bbf4ee9f803bb3c288784b01c63ce3578bb47fbb374e1375fdaf9126950079b,2439861,True,True
pd8b-top040-lam010-lr05-s44-rl160,evaluation_log,120,/volume/posttrain/users/lsk/nvc-repo/sgd_rlvr_reproduce/checkpoints/paperD_rl160/pd8b-top040-lam010-lr05-s44-rl160/logs/eval_rlstep120.jsonl,aa57e9d32672587ecd5c49a4751962c459fda75f11f6e10a888a90c8863d7908,2422360,True,True
pd8b-top040-lam010-lr05-s44-rl160,evaluation_log,160,/volume/posttrain/users/lsk/nvc-repo/sgd_rlvr_reproduce/checkpoints/paperD_rl160/pd8b-top040-lam010-lr05-s44-rl160/logs/eval_rlstep160.jsonl,37cc9746216f56d2a85096a5826cf617b8bd5524ce568dc72b3764e598c3e3d9,2413862,True,True
pd8b-top040-lam010-lr05-s44-rl160,checkpoint_manifest,40,/volume/posttrain/users/lsk/nvc-repo/sgd_rlvr_reproduce/checkpoints/paperD_rl160/pd8b-top040-lam010-lr05-s44-rl160/manifests/checkpoint_rlstep040.sha256,9a3377b27616467d531f526e840fe650526dab1becd282e9688bb891642a0a0a,64917,True,True
pd8b-top040-lam010-lr05-s44-rl160,checkpoint_manifest,80,/volume/posttrain/users/lsk/nvc-repo/sgd_rlvr_reproduce/checkpoints/paperD_rl160/pd8b-top040-lam010-lr05-s44-rl160/manifests/checkpoint_rlstep080.sha256,75a8f7bdf6d3ebaee7a22907e316c232b0e24726d6ac889052fa3c5b09f58b02,82072,True,True
pd8b-top040-lam010-lr05-s44-rl160,checkpoint_manifest,120,/volume/posttrain/users/lsk/nvc-repo/sgd_rlvr_reproduce/checkpoints/paperD_rl160/pd8b-top040-lam010-lr05-s44-rl160/manifests/checkpoint_rlstep120.sha256,c27fb180447038eeed6a359f8c7c09ef4f6b473a6d578bf76d2bc4b70558854f,68596,True,True
pd8b-top040-lam010-lr05-s44-rl160,checkpoint_manifest,160,/volume/posttrain/users/lsk/nvc-repo/sgd_rlvr_reproduce/checkpoints/paperD_rl160/pd8b-top040-lam010-lr05-s44-rl160/manifests/checkpoint_rlstep160.sha256,3cd605c632ab4396a9119666745d66bb1cef83ea174469528653c75a88b3033e,92956,True,True
pd8b-top040-lam010-lr05-s44-rl160,resolved_config,,/volume/posttrain/users/lsk/nvc-repo/sgd_rlvr_reproduce/checkpoints/paperD_rl160/pd8b-top040-lam010-lr05-s44-rl160/manifests/resolved_config.yaml,06216b45aa7939443efa9fe863e68be051cdf623463c7b09477ed9b04b357394,76262,True,True
pd8b-top040-lam010-lr05-s44-rl160,environment,,/volume/posttrain/users/lsk/nvc-repo/sgd_rlvr_reproduce/checkpoints/paperD_rl160/pd8b-top040-lam010-lr05-s44-rl160/manifests/environment.json,10989921c6a0e41a0316c12d58bdef2ec320377b7e4bb78efb846809fd9bd082,16734,True,True
pd8b-top040-lam010-lr05-s44-rl160,rollout_prompt_manifest,,/volume/posttrain/users/lsk/nvc-repo/sgd_rlvr_reproduce/checkpoints/paperD_rl160/pd8b-top040-lam010-lr05-s44-rl160/manifests/rollout_prompt_ids.jsonl,1b4d9028bda0330484d9f38b58c28b2ec0fad5f50f3e552ba2f7485d45897990,24049973,True,True
pd8b-top040-lam010-lr10-s42-rl160,train_log,,/volume/posttrain/users/lsk/nvc-repo/sgd_rlvr_reproduce/checkpoints/paperD_rl160/pd8b-top040-lam010-lr10-s42-rl160/logs/train_rlstep000_160.jsonl,c6d1226d9cc2484cb5ccaa3a94a3d687701c893ed1fee5e8d059222f422ea000,8011290,True,True
pd8b-top040-lam010-lr10-s42-rl160,evaluation_log,40,/volume/posttrain/users/lsk/nvc-repo/sgd_rlvr_reproduce/checkpoints/paperD_rl160/pd8b-top040-lam010-lr10-s42-rl160/logs/eval_rlstep040.jsonl,035d2989c24b145ee6d2a5fda3e357717249b50b3e2019765eea341315e1f8b9,2447459,True,True
pd8b-top040-lam010-lr10-s42-rl160,evaluation_log,80,/volume/posttrain/users/lsk/nvc-repo/sgd_rlvr_reproduce/checkpoints/paperD_rl160/pd8b-top040-lam010-lr10-s42-rl160/logs/eval_rlstep080.jsonl,2aa766fbf00ab162343b72874368b2c9fa974d7c1016315922b471ceeb376b31,2428332,True,True
pd8b-top040-lam010-lr10-s42-rl160,evaluation_log,120,/volume/posttrain/users/lsk/nvc-repo/sgd_rlvr_reproduce/checkpoints/paperD_rl160/pd8b-top040-lam010-lr10-s42-rl160/logs/eval_rlstep120.jsonl,07bd958af04b09ca23c5b262f38beb831b1a6f091f815b0e57948b16a571c807,2407194,True,True
pd8b-top040-lam010-lr10-s42-rl160,evaluation_log,160,/volume/posttrain/users/lsk/nvc-repo/sgd_rlvr_reproduce/checkpoints/paperD_rl160/pd8b-top040-lam010-lr10-s42-rl160/logs/eval_rlstep160.jsonl,14e047e1a2c5290f62f13191a9261095523ec89b02faa8bb24d9cfab1e204edd,2432161,True,True
pd8b-top040-lam010-lr10-s42-rl160,checkpoint_manifest,40,/volume/posttrain/users/lsk/nvc-repo/sgd_rlvr_reproduce/checkpoints/paperD_rl160/pd8b-top040-lam010-lr10-s42-rl160/manifests/checkpoint_rlstep040.sha256,a253c8a10aed2d8fd064b1807149fc6ceb067045e2d106b480e2d6d6758c255d,72281,True,True
pd8b-top040-lam010-lr10-s42-rl160,checkpoint_manifest,80,/volume/posttrain/users/lsk/nvc-repo/sgd_rlvr_reproduce/checkpoints/paperD_rl160/pd8b-top040-lam010-lr10-s42-rl160/manifests/checkpoint_rlstep080.sha256,da498f91ff6497b2d53ba731c5ed18c5d677dba0f73877468b0e140b03934976,87277,True,True
pd8b-top040-lam010-lr10-s42-rl160,checkpoint_manifest,120,/volume/posttrain/users/lsk/nvc-repo/sgd_rlvr_reproduce/checkpoints/paperD_rl160/pd8b-top040-lam010-lr10-s42-rl160/manifests/checkpoint_rlstep120.sha256,87b08428e3fadf9623ae7a3a185ca647631d53d01630bf75f385938862a2883b,96266,True,True
pd8b-top040-lam010-lr10-s42-rl160,checkpoint_manifest,160,/volume/posttrain/users/lsk/nvc-repo/sgd_rlvr_reproduce/checkpoints/paperD_rl160/pd8b-top040-lam010-lr10-s42-rl160/manifests/checkpoint_rlstep160.sha256,56fea425e6320253c1b5bf0c58973da2415bd779507453076a59bbb7d7dd7a3a,66501,True,True
pd8b-top040-lam010-lr10-s42-rl160,resolved_config,,/volume/posttrain/users/lsk/nvc-repo/sgd_rlvr_reproduce/checkpoints/paperD_rl160/pd8b-top040-lam010-lr10-s42-rl160/manifests/resolved_config.yaml,016627bd07511cc4f144aa192e1717c0660c5d0d14e0ccab49d1a36d998c6e43,65009,True,True
pd8b-top040-lam010-lr10-s42-rl160,environment,,/volume/posttrain/users/lsk/nvc-repo/sgd_rlvr_reproduce/checkpoints/paperD_rl160/pd8b-top040-lam010-lr10-s42-rl160/manifests/environment.json,e2d5bbce249a29efed5e5844ec3d6f1153dc1c9d67f4110598dd7ff6bb6affe8,41685,True,True
pd8b-top040-lam010-lr10-s42-rl160,rollout_prompt_manifest,,/volume/posttrain/users/lsk/nvc-repo/sgd_rlvr_reproduce/checkpoints/paperD_rl160/pd8b-top040-lam010-lr10-s42-rl160/manifests/rollout_prompt_ids.jsonl,e37150f3509408e81c0596ba0ec41a099f5226e6755f6270bfc4e53c9d6ec5c8,24048510,True,True
pd8b-top040-lam010-lr10-s43-rl160,train_log,,/volume/posttrain/users/lsk/nvc-repo/sgd_rlvr_reproduce/checkpoints/paperD_rl160/pd8b-top040-lam010-lr10-s43-rl160/logs/train_rlstep000_160.jsonl,c3b77cae22c9f8f4cc629ffb2808bd96d593ca62cd2dbf2effc1041f651f8c91,8003660,True,True
pd8b-top040-lam010-lr10-s43-rl160,evaluation_log,40,/volume/posttrain/users/lsk/nvc-repo/sgd_rlvr_reproduce/checkpoints/paperD_rl160/pd8b-top040-lam010-lr10-s43-rl160/logs/eval_rlstep040.jsonl,e2a75305a654ab971ae599318d768a37dfa4305d9f393f4e39b9705d33e06bff,2419748,True,True
pd8b-top040-lam010-lr10-s43-rl160,evaluation_log,80,/volume/posttrain/users/lsk/nvc-repo/sgd_rlvr_reproduce/checkpoints/paperD_rl160/pd8b-top040-lam010-lr10-s43-rl160/logs/eval_rlstep080.jsonl,22cf0e3ebdc09924e5aa6f34268a76d0f655dd223a36555cd818a016306e02ca,2425479,True,True
pd8b-top040-lam010-lr10-s43-rl160,evaluation_log,120,/volume/posttrain/users/lsk/nvc-repo/sgd_rlvr_reproduce/checkpoints/paperD_rl160/pd8b-top040-lam010-lr10-s43-rl160/logs/eval_rlstep120.jsonl,deab195e4bef02a244866b9dec397b001a00492070c6431b1158caa60f7bbe4e,2447969,True,True
pd8b-top040-lam010-lr10-s43-rl160,evaluation_log,160,/volume/posttrain/users/lsk/nvc-repo/sgd_rlvr_reproduce/checkpoints/paperD_rl160/pd8b-top040-lam010-lr10-s43-rl160/logs/eval_rlstep160.jsonl,554b4daf7711f52836b51fa295db68b1e678f13982ff26545c3f576743dfef5d,2400938,True,True
pd8b-top040-lam010-lr10-s43-rl160,checkpoint_manifest,40,/volume/posttrain/users/lsk/nvc-repo/sgd_rlvr_reproduce/checkpoints/paperD_rl160/pd8b-top040-lam010-lr10-s43-rl160/manifests/checkpoint_rlstep040.sha256,f9d98d96d0f088e4d30dac2d1b96c373cbd0f187dcc10718463459c6eca2fa2a,75357,True,True
pd8b-top040-lam010-lr10-s43-rl160,checkpoint_manifest,80,/volume/posttrain/users/lsk/nvc-repo/sgd_rlvr_reproduce/checkpoints/paperD_rl160/pd8b-top040-lam010-lr10-s43-rl160/manifests/checkpoint_rlstep080.sha256,991581c4e03b325d71ae05e4a78ab17bb1c2d09d48558e3c3743f32fcd9172ed,55841,True,True
pd8b-top040-lam010-lr10-s43-rl160,checkpoint_manifest,120,/volume/posttrain/users/lsk/nvc-repo/sgd_rlvr_reproduce/checkpoints/paperD_rl160/pd8b-top040-lam010-lr10-s43-rl160/manifests/checkpoint_rlstep120.sha256,8c43f5301807e9da1b1f2c14433b94efafb6248ece14a37b97e744a549e251a1,79772,True,True
pd8b-top040-lam010-lr10-s43-rl160,checkpoint_manifest,160,/volume/posttrain/users/lsk/nvc-repo/sgd_rlvr_reproduce/checkpoints/paperD_rl160/pd8b-top040-lam010-lr10-s43-rl160/manifests/checkpoint_rlstep160.sha256,d500c58be1403edba68b630e60fecd2ac328411bed68398521e2a7ba1f59db2f,59545,True,True
pd8b-top040-lam010-lr10-s43-rl160,resolved_config,,/volume/posttrain/users/lsk/nvc-repo/sgd_rlvr_reproduce/checkpoints/paperD_rl160/pd8b-top040-lam010-lr10-s43-rl160/manifests/resolved_config.yaml,4e564921d19467b038f431d39f59de38e713c7d8029b67bdbfeb91fe159e72d3,79203,True,True
pd8b-top040-lam010-lr10-s43-rl160,environment,,/volume/posttrain/users/lsk/nvc-repo/sgd_rlvr_reproduce/checkpoints/paperD_rl160/pd8b-top040-lam010-lr10-s43-rl160/manifests/environment.json,14c5de51ad25a11496284744eba461962dedc6028956b628b72bcabd3b2c29ab,35442,True,True
pd8b-top040-lam010-lr10-s43-rl160,rollout_prompt_manifest,,/volume/posttrain/users/lsk/nvc-repo/sgd_rlvr_reproduce/checkpoints/paperD_rl160/pd8b-top040-lam010-lr10-s43-rl160/manifests/rollout_prompt_ids.jsonl,d9d25531c5d9f6d6e8fac3ba83de9cd5dda93d3bab430e009bb15d847cadb531,24028429,True,True
pd8b-top040-lam010-lr10-s44-rl160,train_log,,/volume/posttrain/users/lsk/nvc-repo/sgd_rlvr_reproduce/checkpoints/paperD_rl160/pd8b-top040-lam010-lr10-s44-rl160/logs/train_rlstep000_160.jsonl,5791f96dc17b457c096f66fcd9f7a64d1fa6e3129bcf46de4c9d787b020d931a,8013201,True,True
pd8b-top040-lam010-lr10-s44-rl160,evaluation_log,40,/volume/posttrain/users/lsk/nvc-repo/sgd_rlvr_reproduce/checkpoints/paperD_rl160/pd8b-top040-lam010-lr10-s44-rl160/logs/eval_rlstep040.jsonl,617ce736a9e4d7d4789d51893686915aa583a261772813e3d776f9026d90c5d2,2404212,True,True
pd8b-top040-lam010-lr10-s44-rl160,evaluation_log,80,/volume/posttrain/users/lsk/nvc-repo/sgd_rlvr_reproduce/checkpoints/paperD_rl160/pd8b-top040-lam010-lr10-s44-rl160/logs/eval_rlstep080.jsonl,b225a278dd6ceee085cfc5ab93a6f8bb84a0df2d8027d9ecb92c3ab173c732eb,2439231,True,True
pd8b-top040-lam010-lr10-s44-rl160,evaluation_log,120,/volume/posttrain/users/lsk/nvc-repo/sgd_rlvr_reproduce/checkpoints/paperD_rl160/pd8b-top040-lam010-lr10-s44-rl160/logs/eval_rlstep120.jsonl,a03f216eb1f1032128916d0784c74fb574ae2fef92495adec0dc6e9998f3637a,2426843,True,True
pd8b-top040-lam010-lr10-s44-rl160,evaluation_log,160,/volume/posttrain/users/lsk/nvc-repo/sgd_rlvr_reproduce/checkpoints/paperD_rl160/pd8b-top040-lam010-lr10-s44-rl160/logs/eval_rlstep160.jsonl,22cb730719ccb85c7b6fe7371f62610add3b142c2ab00e193c5369d6b8a98074,2446230,True,True
pd8b-top040-lam010-lr10-s44-rl160,checkpoint_manifest,40,/volume/posttrain/users/lsk/nvc-repo/sgd_rlvr_reproduce/checkpoints/paperD_rl160/pd8b-top040-lam010-lr10-s44-rl160/manifests/checkpoint_rlstep040.sha256,2d1b81d62f6f640f62eadec22ee4bf43eb5aaa7ec3aaed22e12a2ef4d8c41e96,68097,True,True
pd8b-top040-lam010-lr10-s44-rl160,checkpoint_manifest,80,/volume/posttrain/users/lsk/nvc-repo/sgd_rlvr_reproduce/checkpoints/paperD_rl160/pd8b-top040-lam010-lr10-s44-rl160/manifests/checkpoint_rlstep080.sha256,ef284dcef6b779e7bff29b8bb091fbd7b027432f3af226a06b95afc4de3ad69b,82745,True,True
pd8b-top040-lam010-lr10-s44-rl160,checkpoint_manifest,120,/volume/posttrain/users/lsk/nvc-repo/sgd_rlvr_reproduce/checkpoints/paperD_rl160/pd8b-top040-lam010-lr10-s44-rl160/manifests/checkpoint_rlstep120.sha256,b12cc9b42a1332a3321ba15b8960215e23fcdb31e77fa2b398daf3c56cdcdbee,75051,True,True
pd8b-top040-lam010-lr10-s44-rl160,checkpoint_manifest,160,/volume/posttrain/users/lsk/nvc-repo/sgd_rlvr_reproduce/checkpoints/paperD_rl160/pd8b-top040-lam010-lr10-s44-rl160/manifests/checkpoint_rlstep160.sha256,d97acd8921886e581e38f2e68acfb2c755231ff019bc7bd927c523343ea22b4d,67684,True,True
pd8b-top040-lam010-lr10-s44-rl160,resolved_config,,/volume/posttrain/users/lsk/nvc-repo/sgd_rlvr_reproduce/checkpoints/paperD_rl160/pd8b-top040-lam010-lr10-s44-rl160/manifests/resolved_config.yaml,817846835d4dec1a3051a308dc90b9f4fba3adf8c7f9d978633fa190299613e3,77557,True,True
pd8b-top040-lam010-lr10-s44-rl160,environment,,/volume/posttrain/users/lsk/nvc-repo/sgd_rlvr_reproduce/checkpoints/paperD_rl160/pd8b-top040-lam010-lr10-s44-rl160/manifests/environment.json,f163e16688ae09e7be1604a401150accb165db58c40640e8d169e6b9c205eb3d,30118,True,True
pd8b-top040-lam010-lr10-s44-rl160,rollout_prompt_manifest,,/volume/posttrain/users/lsk/nvc-repo/sgd_rlvr_reproduce/checkpoints/paperD_rl160/pd8b-top040-lam010-lr10-s44-rl160/manifests/rollout_prompt_ids.jsonl,497e8797d9644e3a02ae40661a1e4b51d42310ab5668e36832eaa93a4eb3b117,24019717,True,True
pd8b-top040-lam010-lr20-s42-rl160,train_log,,/volume/posttrain/users/lsk/nvc-repo/sgd_rlvr_reproduce/checkpoints/paperD_rl160/pd8b-top040-lam010-lr20-s42-rl160/logs/train_rlstep000_160.jsonl,4290f51cb017601bc6589928400ba2e2ea296aed1b1d2fbfdd110c915d4f10eb,8046375,True,True
pd8b-top040-lam010-lr20-s42-rl160,evaluation_log,40,/volume/posttrain/users/lsk/nvc-repo/sgd_rlvr_reproduce/checkpoints/paperD_rl160/pd8b-top040-lam010-lr20-s42-rl160/logs/eval_rlstep040.jsonl,7979b82173eba658f9a973625b1f21bffaa91f968a36ddb90a545904a082b11f,2445147,True,True
pd8b-top040-lam010-lr20-s42-rl160,evaluation_log,80,/volume/posttrain/users/lsk/nvc-repo/sgd_rlvr_reproduce/checkpoints/paperD_rl160/pd8b-top040-lam010-lr20-s42-rl160/logs/eval_rlstep080.jsonl,f1a95bb2fc7fd4b0bcd69c8d0454e5e1c583be1b6dd8b808104b09f0428819b3,2403332,True,True
pd8b-top040-lam010-lr20-s42-rl160,evaluation_log,120,/volume/posttrain/users/lsk/nvc-repo/sgd_rlvr_reproduce/checkpoints/paperD_rl160/pd8b-top040-lam010-lr20-s42-rl160/logs/eval_rlstep120.jsonl,f0ac74cf35c389699600c93254cf9dc112fc0df8edc520e1d2ebbfeae2b0d381,2429281,True,True
pd8b-top040-lam010-lr20-s42-rl160,evaluation_log,160,/volume/posttrain/users/lsk/nvc-repo/sgd_rlvr_reproduce/checkpoints/paperD_rl160/pd8b-top040-lam010-lr20-s42-rl160/logs/eval_rlstep160.jsonl,29031d7b155567f70b52ead074c310f62a907cd1cad86b223c9380955748e12d,2445395,True,True
pd8b-top040-lam010-lr20-s42-rl160,checkpoint_manifest,40,/volume/posttrain/users/lsk/nvc-repo/sgd_rlvr_reproduce/checkpoints/paperD_rl160/pd8b-top040-lam010-lr20-s42-rl160/manifests/checkpoint_rlstep040.sha256,aec25b7dd64e0f142b6002f18d65b60c025f552ed6632e569df1cddf4d729ba6,65944,True,True
pd8b-top040-lam010-lr20-s42-rl160,checkpoint_manifest,80,/volume/posttrain/users/lsk/nvc-repo/sgd_rlvr_reproduce/checkpoints/paperD_rl160/pd8b-top040-lam010-lr20-s42-rl160/manifests/checkpoint_rlstep080.sha256,c0888a3877022704d793d1be12c5deee4e2ff26c6d0f9b10d20ec95e844e0a5a,92831,True,True
pd8b-top040-lam010-lr20-s42-rl160,checkpoint_manifest,120,/volume/posttrain/users/lsk/nvc-repo/sgd_rlvr_reproduce/checkpoints/paperD_rl160/pd8b-top040-lam010-lr20-s42-rl160/manifests/checkpoint_rlstep120.sha256,bdf99599126df63931b67e6cec153c5a4cad83f571c96aa0505c89218f18707c,76707,True,True
pd8b-top040-lam010-lr20-s42-rl160,checkpoint_manifest,160,/volume/posttrain/users/lsk/nvc-repo/sgd_rlvr_reproduce/checkpoints/paperD_rl160/pd8b-top040-lam010-lr20-s42-rl160/manifests/checkpoint_rlstep160.sha256,8c99ca41348f07e4489267ff8649b0ecb14f8c0dd4ff69cf3fbb3473fed2d1fc,83361,True,True
pd8b-top040-lam010-lr20-s42-rl160,resolved_config,,/volume/posttrain/users/lsk/nvc-repo/sgd_rlvr_reproduce/checkpoints/paperD_rl160/pd8b-top040-lam010-lr20-s42-rl160/manifests/resolved_config.yaml,6c110630ddc78cfb16674dc27ae4c72692ae9914ef5b6fa06db5553ac285dd6b,58864,True,True
pd8b-top040-lam010-lr20-s42-rl160,environment,,/volume/posttrain/users/lsk/nvc-repo/sgd_rlvr_reproduce/checkpoints/paperD_rl160/pd8b-top040-lam010-lr20-s42-rl160/manifests/environment.json,cd402fd9916ebece488cb1416a32e76cb777cf543c54ee327b39336ff8f45d63,19437,True,True
pd8b-top040-lam010-lr20-s42-rl160,rollout_prompt_manifest,,/volume/posttrain/users/lsk/nvc-repo/sgd_rlvr_reproduce/checkpoints/paperD_rl160/pd8b-top040-lam010-lr20-s42-rl160/manifests/rollout_prompt_ids.jsonl,1aaea1a0779c682fdebe7a9a549783838593b747799129bdea9a1a0f879bd60f,24002792,True,True
pd8b-top040-lam010-lr20-s43-rl160,train_log,,/volume/posttrain/users/lsk/nvc-repo/sgd_rlvr_reproduce/checkpoints/paperD_rl160/pd8b-top040-lam010-lr20-s43-rl160/logs/train_rlstep000_160.jsonl,5974893e79d46668f6ad320d1593d9da4183985a8ec18cb344e2977a8ee2209a,8005115,True,True
pd8b-top040-lam010-lr20-s43-rl160,evaluation_log,40,/volume/posttrain/users/lsk/nvc-repo/sgd_rlvr_reproduce/checkpoints/paperD_rl160/pd8b-top040-lam010-lr20-s43-rl160/logs/eval_rlstep040.jsonl,251fc613b1a1ae246918ad1ebe75c50b3b18266d2c0ead1e752b9d616e595148,2441522,True,True
pd8b-top040-lam010-lr20-s43-rl160,evaluation_log,80,/volume/posttrain/users/lsk/nvc-repo/sgd_rlvr_reproduce/checkpoints/paperD_rl160/pd8b-top040-lam010-lr20-s43-rl160/logs/eval_rlstep080.jsonl,f0028cd31db8b3ed64c4170404a72c258ca175a08f91541371791b8b1c283283,2428784,True,True
pd8b-top040-lam010-lr20-s43-rl160,evaluation_log,120,/volume/posttrain/users/lsk/nvc-repo/sgd_rlvr_reproduce/checkpoints/paperD_rl160/pd8b-top040-lam010-lr20-s43-rl160/logs/eval_rlstep120.jsonl,91dfae051daf75cf30b8fdf8e4265d0627472c0d09beb52ae9556af025241fdd,2441604,True,True
pd8b-top040-lam010-lr20-s43-rl160,evaluation_log,160,/volume/posttrain/users/lsk/nvc-repo/sgd_rlvr_reproduce/checkpoints/paperD_rl160/pd8b-top040-lam010-lr20-s43-rl160/logs/eval_rlstep160.jsonl,7e6d14204cac3713e8123ebcf284c5e8c35948d6dacfc7e7659fbf81dff9eaf3,2415542,True,True
pd8b-top040-lam010-lr20-s43-rl160,checkpoint_manifest,40,/volume/posttrain/users/lsk/nvc-repo/sgd_rlvr_reproduce/checkpoints/paperD_rl160/pd8b-top040-lam010-lr20-s43-rl160/manifests/checkpoint_rlstep040.sha256,252744ee2c27c995901c4ccfb3cb1546020791911d589837ad027a0871792c6d,64923,True,True
pd8b-top040-lam010-lr20-s43-rl160,checkpoint_manifest,80,/volume/posttrain/users/lsk/nvc-repo/sgd_rlvr_reproduce/checkpoints/paperD_rl160/pd8b-top040-lam010-lr20-s43-rl160/manifests/checkpoint_rlstep080.sha256,b4f8ff28f61ec50235b4890bb051931affb3581da17f682f16b5bbd6ad9dce96,73650,True,True
pd8b-top040-lam010-lr20-s43-rl160,checkpoint_manifest,120,/volume/posttrain/users/lsk/nvc-repo/sgd_rlvr_reproduce/checkpoints/paperD_rl160/pd8b-top040-lam010-lr20-s43-rl160/manifests/checkpoint_rlstep120.sha256,20692f4a15f5e2b8c997ab55cc0d967252dc926198219a2cdd7884f316a1c5d8,72399,True,True
pd8b-top040-lam010-lr20-s43-rl160,checkpoint_manifest,160,/volume/posttrain/users/lsk/nvc-repo/sgd_rlvr_reproduce/checkpoints/paperD_rl160/pd8b-top040-lam010-lr20-s43-rl160/manifests/checkpoint_rlstep160.sha256,06bd8f311521c900d53ea1fefacf0fd597baab617b83273356707818cbe3347f,63773,True,True
pd8b-top040-lam010-lr20-s43-rl160,resolved_config,,/volume/posttrain/users/lsk/nvc-repo/sgd_rlvr_reproduce/checkpoints/paperD_rl160/pd8b-top040-lam010-lr20-s43-rl160/manifests/resolved_config.yaml,b8a53bde7328b89c34e87d7dff5c7260347e6633f3e50830cc65af840cfb2117,56953,True,True
pd8b-top040-lam010-lr20-s43-rl160,environment,,/volume/posttrain/users/lsk/nvc-repo/sgd_rlvr_reproduce/checkpoints/paperD_rl160/pd8b-top040-lam010-lr20-s43-rl160/manifests/environment.json,5cd4f42bb6adacab9c40f6dbf3c7fbc5df3b64bcb8c481faa7726307a9b056e2,56832,True,True
pd8b-top040-lam010-lr20-s43-rl160,rollout_prompt_manifest,,/volume/posttrain/users/lsk/nvc-repo/sgd_rlvr_reproduce/checkpoints/paperD_rl160/pd8b-top040-lam010-lr20-s43-rl160/manifests/rollout_prompt_ids.jsonl,51a36cc722bd8690a29ada4f67c7e40f61e8d07ed0fb73e87b2f886e4627ca98,24043873,True,True
pd8b-top040-lam010-lr20-s44-rl160,train_log,,/volume/posttrain/users/lsk/nvc-repo/sgd_rlvr_reproduce/checkpoints/paperD_rl160/pd8b-top040-lam010-lr20-s44-rl160/logs/train_rlstep000_160.jsonl,90ea637bb9fb2966bedd06c5a597582bc4e5bd1fba8378830f375c41ffcda9fc,8049003,True,True
pd8b-top040-lam010-lr20-s44-rl160,evaluation_log,40,/volume/posttrain/users/lsk/nvc-repo/sgd_rlvr_reproduce/checkpoints/paperD_rl160/pd8b-top040-lam010-lr20-s44-rl160/logs/eval_rlstep040.jsonl,7c290a6a68ef99f3f7ba579fe47dfe4edacc3c586eb1bb0f3d5ae6cbfdcecdf4,2423460,True,True
pd8b-top040-lam010-lr20-s44-rl160,evaluation_log,80,/volume/posttrain/users/lsk/nvc-repo/sgd_rlvr_reproduce/checkpoints/paperD_rl160/pd8b-top040-lam010-lr20-s44-rl160/logs/eval_rlstep080.jsonl,7c3f3f9992ca78fe676089d59556043ea35589e4bea99b525d13805975277576,2422925,True,True
pd8b-top040-lam010-lr20-s44-rl160,evaluation_log,120,/volume/posttrain/users/lsk/nvc-repo/sgd_rlvr_reproduce/checkpoints/paperD_rl160/pd8b-top040-lam010-lr20-s44-rl160/logs/eval_rlstep120.jsonl,b590f26cf5143fd736a3367273e1776e7036b25fa035b47ee637452989fddd4e,2412078,True,True
pd8b-top040-lam010-lr20-s44-rl160,evaluation_log,160,/volume/posttrain/users/lsk/nvc-repo/sgd_rlvr_reproduce/checkpoints/paperD_rl160/pd8b-top040-lam010-lr20-s44-rl160/logs/eval_rlstep160.jsonl,7126db0262e3b5c66872c6c9374c92918f1522f43d55c66369be89bcf59e031c,2432367,True,True
pd8b-top040-lam010-lr20-s44-rl160,checkpoint_manifest,40,/volume/posttrain/users/lsk/nvc-repo/sgd_rlvr_reproduce/checkpoints/paperD_rl160/pd8b-top040-lam010-lr20-s44-rl160/manifests/checkpoint_rlstep040.sha256,17dc55210cbc88fdda9cc1e633efcd0f1a81274116950b4d6d127beaace7cee9,71898,True,True
pd8b-top040-lam010-lr20-s44-rl160,checkpoint_manifest,80,/volume/posttrain/users/lsk/nvc-repo/sgd_rlvr_reproduce/checkpoints/paperD_rl160/pd8b-top040-lam010-lr20-s44-rl160/manifests/checkpoint_rlstep080.sha256,14c27a2bd89b5c42cc16853b30d41cb59dfaa42874f6fd1dc329e749339592b4,54140,True,True
pd8b-top040-lam010-lr20-s44-rl160,checkpoint_manifest,120,/volume/posttrain/users/lsk/nvc-repo/sgd_rlvr_reproduce/checkpoints/paperD_rl160/pd8b-top040-lam010-lr20-s44-rl160/manifests/checkpoint_rlstep120.sha256,3bb1f0de783c379bd1bd94fdc2d749c24b8a679eb7e70034bb9e9b8db475af47,58904,True,True
pd8b-top040-lam010-lr20-s44-rl160,checkpoint_manifest,160,/volume/posttrain/users/lsk/nvc-repo/sgd_rlvr_reproduce/checkpoints/paperD_rl160/pd8b-top040-lam010-lr20-s44-rl160/manifests/checkpoint_rlstep160.sha256,211f452c3ee68882c3a340ac01ca4b637659103158c92791da2a8dd42d44a4be,77658,True,True
pd8b-top040-lam010-lr20-s44-rl160,resolved_config,,/volume/posttrain/users/lsk/nvc-repo/sgd_rlvr_reproduce/checkpoints/paperD_rl160/pd8b-top040-lam010-lr20-s44-rl160/manifests/resolved_config.yaml,4623444a21adff2992ccf2547679803033415a5e752468c45dca96ba45fd181d,79600,True,True
pd8b-top040-lam010-lr20-s44-rl160,environment,,/volume/posttrain/users/lsk/nvc-repo/sgd_rlvr_reproduce/checkpoints/paperD_rl160/pd8b-top040-lam010-lr20-s44-rl160/manifests/environment.json,1b2c7878f4a41b46e1e1108fdf8baf7bbe065719c06e9dad2338edf3d5ec5c69,32490,True,True
pd8b-top040-lam010-lr20-s44-rl160,rollout_prompt_manifest,,/volume/posttrain/users/lsk/nvc-repo/sgd_rlvr_reproduce/checkpoints/paperD_rl160/pd8b-top040-lam010-lr20-s44-rl160/manifests/rollout_prompt_ids.jsonl,85824c4cca716392a58e6f53bfa8947b60aac7b5491312f8b224399568d8accb,24043131,True,True
pd1p7b-dense-lam100-lr01-s42-rl160,train_log,,/volume/posttrain/users/lsk/nvc-repo/sgd_rlvr_reproduce/checkpoints/paperD_rl160/pd1p7b-dense-lam100-lr01-s42-rl160/logs/train_rlstep000_160.jsonl,c43bf078a018f265ae1dae197276d70958e23f3337070ed453876136d52afbfa,8007167,True,True
pd1p7b-dense-lam100-lr01-s42-rl160,evaluation_log,40,/volume/posttrain/users/lsk/nvc-repo/sgd_rlvr_reproduce/checkpoints/paperD_rl160/pd1p7b-dense-lam100-lr01-s42-rl160/logs/eval_rlstep040.jsonl,f4d947cb9e83518976efb87bfaa48eed4a5ef63aed0c969772ceba921a7d5385,2439096,True,True
pd1p7b-dense-lam100-lr01-s42-rl160,evaluation_log,80,/volume/posttrain/users/lsk/nvc-repo/sgd_rlvr_reproduce/checkpoints/paperD_rl160/pd1p7b-dense-lam100-lr01-s42-rl160/logs/eval_rlstep080.jsonl,b4f08c34aa52f580585f9bfce4ae4ffb7e6890a01d204d0288d4ef643ecd6ebd,2445273,True,True
pd1p7b-dense-lam100-lr01-s42-rl160,evaluation_log,120,/volume/posttrain/users/lsk/nvc-repo/sgd_rlvr_reproduce/checkpoints/paperD_rl160/pd1p7b-dense-lam100-lr01-s42-rl160/logs/eval_rlstep120.jsonl,830b2d2c03568caffbdfe211ca33fd4799d23d98edf39c6b09af276ab8ef671b,2439039,True,True
pd1p7b-dense-lam100-lr01-s42-rl160,evaluation_log,160,/volume/posttrain/users/lsk/nvc-repo/sgd_rlvr_reproduce/checkpoints/paperD_rl160/pd1p7b-dense-lam100-lr01-s42-rl160/logs/eval_rlstep160.jsonl,4f8056d8a4bd8e52ebe4437ebf61014910d60d9c4b95a0a95cdac3536bbdb5bd,2429333,True,True
pd1p7b-dense-lam100-lr01-s42-rl160,checkpoint_manifest,40,/volume/posttrain/users/lsk/nvc-repo/sgd_rlvr_reproduce/checkpoints/paperD_rl160/pd1p7b-dense-lam100-lr01-s42-rl160/manifests/checkpoint_rlstep040.sha256,3319a4dcd1838464b793d661da4274999d440eb563efe2cb9c3b48cb96b81d62,57237,True,True
pd1p7b-dense-lam100-lr01-s42-rl160,checkpoint_manifest,80,/volume/posttrain/users/lsk/nvc-repo/sgd_rlvr_reproduce/checkpoints/paperD_rl160/pd1p7b-dense-lam100-lr01-s42-rl160/manifests/checkpoint_rlstep080.sha256,a437c31f9c46537172c1a538bd9fd1aa926512426069a03db4f993bfcc369424,48993,True,True
pd1p7b-dense-lam100-lr01-s42-rl160,checkpoint_manifest,120,/volume/posttrain/users/lsk/nvc-repo/sgd_rlvr_reproduce/checkpoints/paperD_rl160/pd1p7b-dense-lam100-lr01-s42-rl160/manifests/checkpoint_rlstep120.sha256,7608d0bdf24385c1ba7311299f0972d771d77b3591d66554aedf6459c60194bc,64058,True,True
pd1p7b-dense-lam100-lr01-s42-rl160,checkpoint_manifest,160,/volume/posttrain/users/lsk/nvc-repo/sgd_rlvr_reproduce/checkpoints/paperD_rl160/pd1p7b-dense-lam100-lr01-s42-rl160/manifests/checkpoint_rlstep160.sha256,882afb407f5b54d0f2a41a5dd8ce492c34fb65624236162bdcf5d2d7dd5fcba4,76730,True,True
pd1p7b-dense-lam100-lr01-s42-rl160,resolved_config,,/volume/posttrain/users/lsk/nvc-repo/sgd_rlvr_reproduce/checkpoints/paperD_rl160/pd1p7b-dense-lam100-lr01-s42-rl160/manifests/resolved_config.yaml,096694bf2aa170054e0d92aa2257219801aff5a0d7f14a235a388e5c69e1a836,49276,True,True
pd1p7b-dense-lam100-lr01-s42-rl160,environment,,/volume/posttrain/users/lsk/nvc-repo/sgd_rlvr_reproduce/checkpoints/paperD_rl160/pd1p7b-dense-lam100-lr01-s42-rl160/manifests/environment.json,e9d1afa1b4a84633749851bfca8f5912ded985b3563e4ff6aa872c04352bf7c4,41892,True,True
pd1p7b-dense-lam100-lr01-s42-rl160,rollout_prompt_manifest,,/volume/posttrain/users/lsk/nvc-repo/sgd_rlvr_reproduce/checkpoints/paperD_rl160/pd1p7b-dense-lam100-lr01-s42-rl160/manifests/rollout_prompt_ids.jsonl,6484a9526460be2c5d223ace5527ec09128a2025318495ba77b69773b053e659,24017351,True,True
pd1p7b-dense-lam100-lr01-s43-rl160,train_log,,/volume/posttrain/users/lsk/nvc-repo/sgd_rlvr_reproduce/checkpoints/paperD_rl160/pd1p7b-dense-lam100-lr01-s43-rl160/logs/train_rlstep000_160.jsonl,f64f8eb948245ce05a66d904a8118dad13fd2e8b63fa724cd6b0ad2e01ab3c8a,8049904,True,True
pd1p7b-dense-lam100-lr01-s43-rl160,evaluation_log,40,/volume/posttrain/users/lsk/nvc-repo/sgd_rlvr_reproduce/checkpoints/paperD_rl160/pd1p7b-dense-lam100-lr01-s43-rl160/logs/eval_rlstep040.jsonl,a05d4548d1dc601011c7356979cc7e3d86f8f1460fae1e04a944b342fde6cc3a,2425575,True,True
pd1p7b-dense-lam100-lr01-s43-rl160,evaluation_log,80,/volume/posttrain/users/lsk/nvc-repo/sgd_rlvr_reproduce/checkpoints/paperD_rl160/pd1p7b-dense-lam100-lr01-s43-rl160/logs/eval_rlstep080.jsonl,1fa0d171af2a5db18c1952ca30e9940f96673e61d4830d71a64657fee80f0af9,2426259,True,True
pd1p7b-dense-lam100-lr01-s43-rl160,evaluation_log,120,/volume/posttrain/users/lsk/nvc-repo/sgd_rlvr_reproduce/checkpoints/paperD_rl160/pd1p7b-dense-lam100-lr01-s43-rl160/logs/eval_rlstep120.jsonl,1a909bad50d635385c04064419db3e3565c103fc5f017b0ad313013946b51925,2444068,True,True
pd1p7b-dense-lam100-lr01-s43-rl160,evaluation_log,160,/volume/posttrain/users/lsk/nvc-repo/sgd_rlvr_reproduce/checkpoints/paperD_rl160/pd1p7b-dense-lam100-lr01-s43-rl160/logs/eval_rlstep160.jsonl,10db6c46ce2f97f631db06dac94d74b81178c9ae3b01d5b0f68aea5bf8fe54ee,2417961,True,True
pd1p7b-dense-lam100-lr01-s43-rl160,checkpoint_manifest,40,/volume/posttrain/users/lsk/nvc-repo/sgd_rlvr_reproduce/checkpoints/paperD_rl160/pd1p7b-dense-lam100-lr01-s43-rl160/manifests/checkpoint_rlstep040.sha256,c451cae758ebb6caf9f1db91e625dc0cc88e7ba7487a62d4a83aa967d54940e7,78200,True,True
pd1p7b-dense-lam100-lr01-s43-rl160,checkpoint_manifest,80,/volume/posttrain/users/lsk/nvc-repo/sgd_rlvr_reproduce/checkpoints/paperD_rl160/pd1p7b-dense-lam100-lr01-s43-rl160/manifests/checkpoint_rlstep080.sha256,84453566258cbd4377424315dc2bc4fb0732097baee3051b352312be4dba2f68,90342,True,True
pd1p7b-dense-lam100-lr01-s43-rl160,checkpoint_manifest,120,/volume/posttrain/users/lsk/nvc-repo/sgd_rlvr_reproduce/checkpoints/paperD_rl160/pd1p7b-dense-lam100-lr01-s43-rl160/manifests/checkpoint_rlstep120.sha256,9bb1d67600d70b9fa83504d566b9814fccc5e4dfe1f6f57e6ae983570ea72e97,48096,True,True
pd1p7b-dense-lam100-lr01-s43-rl160,checkpoint_manifest,160,/volume/posttrain/users/lsk/nvc-repo/sgd_rlvr_reproduce/checkpoints/paperD_rl160/pd1p7b-dense-lam100-lr01-s43-rl160/manifests/checkpoint_rlstep160.sha256,7400005acf0e4de420b0c64d725291e2c3e0a2609141e3575e38c89a0ccda958,63486,True,True
pd1p7b-dense-lam100-lr01-s43-rl160,resolved_config,,/volume/posttrain/users/lsk/nvc-repo/sgd_rlvr_reproduce/checkpoints/paperD_rl160/pd1p7b-dense-lam100-lr01-s43-rl160/manifests/resolved_config.yaml,acef9a03659f0349c5363191acb29b953d6b3b1dbc63106af8da1bd0d500a787,41084,True,True
pd1p7b-dense-lam100-lr01-s43-rl160,environment,,/volume/posttrain/users/lsk/nvc-repo/sgd_rlvr_reproduce/checkpoints/paperD_rl160/pd1p7b-dense-lam100-lr01-s43-rl160/manifests/environment.json,0f947ae10ae35a1ee9b949d5a425c9408d20c3bd9112b25e80701735d79974b2,12488,True,True
pd1p7b-dense-lam100-lr01-s43-rl160,rollout_prompt_manifest,,/volume/posttrain/users/lsk/nvc-repo/sgd_rlvr_reproduce/checkpoints/paperD_rl160/pd1p7b-dense-lam100-lr01-s43-rl160/manifests/rollout_prompt_ids.jsonl,005aac4ef6d6e41580ecf58a111823c50f3822dd322aa3b30b419dde2f34a7d2,24038797,True,True
pd1p7b-dense-lam100-lr01-s44-rl160,train_log,,/volume/posttrain/users/lsk/nvc-repo/sgd_rlvr_reproduce/checkpoints/paperD_rl160/pd1p7b-dense-lam100-lr01-s44-rl160/logs/train_rlstep000_160.jsonl,a3792b803e8a8c7c80ae9e420450fe2d7d7d25d3de42c1447f934efab2d6fd07,8043432,True,True
pd1p7b-dense-lam100-lr01-s44-rl160,evaluation_log,40,/volume/posttrain/users/lsk/nvc-repo/sgd_rlvr_reproduce/checkpoints/paperD_rl160/pd1p7b-dense-lam100-lr01-s44-rl160/logs/eval_rlstep040.jsonl,193432c05388bf597fa4ffa3937247da4f1e4557fd9fd858ec1c87db44426a14,2441434,True,True
pd1p7b-dense-lam100-lr01-s44-rl160,evaluation_log,80,/volume/posttrain/users/lsk/nvc-repo/sgd_rlvr_reproduce/checkpoints/paperD_rl160/pd1p7b-dense-lam100-lr01-s44-rl160/logs/eval_rlstep080.jsonl,50d100c364d4e8143a92009830006fbcc679cdda41f6ccdaf1b360b03e39bae4,2426918,True,True
pd1p7b-dense-lam100-lr01-s44-rl160,evaluation_log,120,/volume/posttrain/users/lsk/nvc-repo/sgd_rlvr_reproduce/checkpoints/paperD_rl160/pd1p7b-dense-lam100-lr01-s44-rl160/logs/eval_rlstep120.jsonl,4929c86d6a01d54263e622d70c97ef5eac5996fa734b0460910dc32b79b69b24,2416801,True,True
pd1p7b-dense-lam100-lr01-s44-rl160,evaluation_log,160,/volume/posttrain/users/lsk/nvc-repo/sgd_rlvr_reproduce/checkpoints/paperD_rl160/pd1p7b-dense-lam100-lr01-s44-rl160/logs/eval_rlstep160.jsonl,453394226251522478bd8f2f0b4c9d42dcf90a809618158ba1f4ae1a4dba2b00,2414510,True,True
pd1p7b-dense-lam100-lr01-s44-rl160,checkpoint_manifest,40,/volume/posttrain/users/lsk/nvc-repo/sgd_rlvr_reproduce/checkpoints/paperD_rl160/pd1p7b-dense-lam100-lr01-s44-rl160/manifests/checkpoint_rlstep040.sha256,762b588389e56ae1ea85f07ce0cacaf41b6c3e32e459473427d6bd4563502727,94168,True,True
pd1p7b-dense-lam100-lr01-s44-rl160,checkpoint_manifest,80,/volume/posttrain/users/lsk/nvc-repo/sgd_rlvr_reproduce/checkpoints/paperD_rl160/pd1p7b-dense-lam100-lr01-s44-rl160/manifests/checkpoint_rlstep080.sha256,4a5a60e5866d3f82a07d7b9bf56fec29dbd38f5aac4015fede1d9df223278bb5,65379,True,True
pd1p7b-dense-lam100-lr01-s44-rl160,checkpoint_manifest,120,/volume/posttrain/users/lsk/nvc-repo/sgd_rlvr_reproduce/checkpoints/paperD_rl160/pd1p7b-dense-lam100-lr01-s44-rl160/manifests/checkpoint_rlstep120.sha256,21491c3cc599096164352e92be47384f0fd2513632b6cb92abab3798c4a407fa,53957,True,True
pd1p7b-dense-lam100-lr01-s44-rl160,checkpoint_manifest,160,/volume/posttrain/users/lsk/nvc-repo/sgd_rlvr_reproduce/checkpoints/paperD_rl160/pd1p7b-dense-lam100-lr01-s44-rl160/manifests/checkpoint_rlstep160.sha256,cd0b520fc781ebd10f61938cede603919f5f807588ec6602edbcde2529108643,67299,True,True
pd1p7b-dense-lam100-lr01-s44-rl160,resolved_config,,/volume/posttrain/users/lsk/nvc-repo/sgd_rlvr_reproduce/checkpoints/paperD_rl160/pd1p7b-dense-lam100-lr01-s44-rl160/manifests/resolved_config.yaml,910d8552eb45261abae9819e740057d42ebbd1b85a55c1c8ce303d75d3221904,54159,True,True
pd1p7b-dense-lam100-lr01-s44-rl160,environment,,/volume/posttrain/users/lsk/nvc-repo/sgd_rlvr_reproduce/checkpoints/paperD_rl160/pd1p7b-dense-lam100-lr01-s44-rl160/manifests/environment.json,2345e69f6c72d962007c8650f1ade77f44bacdfbbdd21220305768d609664db9,50515,True,True
pd1p7b-dense-lam100-lr01-s44-rl160,rollout_prompt_manifest,,/volume/posttrain/users/lsk/nvc-repo/sgd_rlvr_reproduce/checkpoints/paperD_rl160/pd1p7b-dense-lam100-lr01-s44-rl160/manifests/rollout_prompt_ids.jsonl,b35c56fbd6f8644541fbfec746d455c6e770b7403c5b63d0b27d1a126c495a2d,24011081,True,True
pd1p7b-top040-lam010-lr20-s42-rl160,train_log,,/volume/posttrain/users/lsk/nvc-repo/sgd_rlvr_reproduce/checkpoints/paperD_rl160/pd1p7b-top040-lam010-lr20-s42-rl160/logs/train_rlstep000_160.jsonl,ee6738b0e6301902396df6abe753cf56154f41b05d69424cd2f50b547cc84cb0,8049753,True,True
pd1p7b-top040-lam010-lr20-s42-rl160,evaluation_log,40,/volume/posttrain/users/lsk/nvc-repo/sgd_rlvr_reproduce/checkpoints/paperD_rl160/pd1p7b-top040-lam010-lr20-s42-rl160/logs/eval_rlstep040.jsonl,8b3217f6fbf72805e47267949f39a4c447cd069a8908770c1b40fcb5e6dd433e,2443644,True,True
pd1p7b-top040-lam010-lr20-s42-rl160,evaluation_log,80,/volume/posttrain/users/lsk/nvc-repo/sgd_rlvr_reproduce/checkpoints/paperD_rl160/pd1p7b-top040-lam010-lr20-s42-rl160/logs/eval_rlstep080.jsonl,fb8faa8202dbfe92734f353c591fcb0612521f1218706ac0b52f90f953a857b8,2413161,True,True
pd1p7b-top040-lam010-lr20-s42-rl160,evaluation_log,120,/volume/posttrain/users/lsk/nvc-repo/sgd_rlvr_reproduce/checkpoints/paperD_rl160/pd1p7b-top040-lam010-lr20-s42-rl160/logs/eval_rlstep120.jsonl,285ce96b4098e11d945a7ebe5e99e09d99249f3565acbb90ce595703ed544502,2428868,True,True
pd1p7b-top040-lam010-lr20-s42-rl160,evaluation_log,160,/volume/posttrain/users/lsk/nvc-repo/sgd_rlvr_reproduce/checkpoints/paperD_rl160/pd1p7b-top040-lam010-lr20-s42-rl160/logs/eval_rlstep160.jsonl,5ff6d32d9c2ca01fb70d2fbc677ce15ee4246d3d14210280482326e159905408,2432518,True,True
pd1p7b-top040-lam010-lr20-s42-rl160,checkpoint_manifest,40,/volume/posttrain/users/lsk/nvc-repo/sgd_rlvr_reproduce/checkpoints/paperD_rl160/pd1p7b-top040-lam010-lr20-s42-rl160/manifests/checkpoint_rlstep040.sha256,6735f2a9d8e3acbca42c0f613fe9d45947c0b60a66c9a112b1e2927b832f298e,69393,True,True
pd1p7b-top040-lam010-lr20-s42-rl160,checkpoint_manifest,80,/volume/posttrain/users/lsk/nvc-repo/sgd_rlvr_reproduce/checkpoints/paperD_rl160/pd1p7b-top040-lam010-lr20-s42-rl160/manifests/checkpoint_rlstep080.sha256,fdadb08fde55849d168ed650501f0c2a9c8aa70c20a4e778efe9c98b266cdb5d,51994,True,True
pd1p7b-top040-lam010-lr20-s42-rl160,checkpoint_manifest,120,/volume/posttrain/users/lsk/nvc-repo/sgd_rlvr_reproduce/checkpoints/paperD_rl160/pd1p7b-top040-lam010-lr20-s42-rl160/manifests/checkpoint_rlstep120.sha256,b3210c6e8ff3d470f3929746461433bda62179ad3352bdb76ce143625d90ff7d,55660,True,True
pd1p7b-top040-lam010-lr20-s42-rl160,checkpoint_manifest,160,/volume/posttrain/users/lsk/nvc-repo/sgd_rlvr_reproduce/checkpoints/paperD_rl160/pd1p7b-top040-lam010-lr20-s42-rl160/manifests/checkpoint_rlstep160.sha256,4de3b9df998625360906b8cb0accf92ab0e6d9fca1b7b2a2fc6e77dc291d5d74,55091,True,True
pd1p7b-top040-lam010-lr20-s42-rl160,resolved_config,,/volume/posttrain/users/lsk/nvc-repo/sgd_rlvr_reproduce/checkpoints/paperD_rl160/pd1p7b-top040-lam010-lr20-s42-rl160/manifests/resolved_config.yaml,fc07a5523f1c60db3e54e9ee9c84af8677729bac36e867497ae4fdc269a696ad,48341,True,True
pd1p7b-top040-lam010-lr20-s42-rl160,environment,,/volume/posttrain/users/lsk/nvc-repo/sgd_rlvr_reproduce/checkpoints/paperD_rl160/pd1p7b-top040-lam010-lr20-s42-rl160/manifests/environment.json,9ea00dc7584c3a5cae73ed84dd7a79374a735c0ecf4c80e7442ba4a1ca982b70,31014,True,True
pd1p7b-top040-lam010-lr20-s42-rl160,rollout_prompt_manifest,,/volume/posttrain/users/lsk/nvc-repo/sgd_rlvr_reproduce/checkpoints/paperD_rl160/pd1p7b-top040-lam010-lr20-s42-rl160/manifests/rollout_prompt_ids.jsonl,17aae7425d1000151fa3a4167940ca2fd896e08a22603f51aa17eefff47f97b4,24012139,True,True
pd1p7b-top040-lam010-lr20-s43-rl160,train_log,,/volume/posttrain/users/lsk/nvc-repo/sgd_rlvr_reproduce/checkpoints/paperD_rl160/pd1p7b-top040-lam010-lr20-s43-rl160/logs/train_rlstep000_160.jsonl,a42345b10b0f1c0a5f778e3555efad3e328096074bafffe8c83ac4386edc35e3,8011632,True,True
pd1p7b-top040-lam010-lr20-s43-rl160,evaluation_log,40,/volume/posttrain/users/lsk/nvc-repo/sgd_rlvr_reproduce/checkpoints/paperD_rl160/pd1p7b-top040-lam010-lr20-s43-rl160/logs/eval_rlstep040.jsonl,fad93a5decb4b3eb0ea28345c952cc4053cc1aa443b87e3dd845ce18589fc87c,2402315,True,True
pd1p7b-top040-lam010-lr20-s43-rl160,evaluation_log,80,/volume/posttrain/users/lsk/nvc-repo/sgd_rlvr_reproduce/checkpoints/paperD_rl160/pd1p7b-top040-lam010-lr20-s43-rl160/logs/eval_rlstep080.jsonl,8d2071231a01c28066a0a260fcdff998b42320b0f921e329841b49800c396611,2446099,True,True
pd1p7b-top040-lam010-lr20-s43-rl160,evaluation_log,120,/volume/posttrain/users/lsk/nvc-repo/sgd_rlvr_reproduce/checkpoints/paperD_rl160/pd1p7b-top040-lam010-lr20-s43-rl160/logs/eval_rlstep120.jsonl,45d32ee3827f6c75fcc2e2fdc8c58e3d00b68bf725a689202b9dc9d61c22f06e,2401497,True,True
pd1p7b-top040-lam010-lr20-s43-rl160,evaluation_log,160,/volume/posttrain/users/lsk/nvc-repo/sgd_rlvr_reproduce/checkpoints/paperD_rl160/pd1p7b-top040-lam010-lr20-s43-rl160/logs/eval_rlstep160.jsonl,c08cb1829bf2552fee8d274b846109fc34a01299e10fd3e26c1b02a5f0359774,2406948,True,True
pd1p7b-top040-lam010-lr20-s43-rl160,checkpoint_manifest,40,/volume/posttrain/users/lsk/nvc-repo/sgd_rlvr_reproduce/checkpoints/paperD_rl160/pd1p7b-top040-lam010-lr20-s43-rl160/manifests/checkpoint_rlstep040.sha256,a406351b0ea26100e04fdec98a3c9b15b9fa900e97a2af8792c6275348f9ced6,61520,True,True
pd1p7b-top040-lam010-lr20-s43-rl160,checkpoint_manifest,80,/volume/posttrain/users/lsk/nvc-repo/sgd_rlvr_reproduce/checkpoints/paperD_rl160/pd1p7b-top040-lam010-lr20-s43-rl160/manifests/checkpoint_rlstep080.sha256,e7e5a1e77c5392155079efc2f096d2549f5c9079d12913b7a7c70038f8aa216b,50090,True,True
pd1p7b-top040-lam010-lr20-s43-rl160,checkpoint_manifest,120,/volume/posttrain/users/lsk/nvc-repo/sgd_rlvr_reproduce/checkpoints/paperD_rl160/pd1p7b-top040-lam010-lr20-s43-rl160/manifests/checkpoint_rlstep120.sha256,7cf67fc98f09bf6f4cc6a13ed0a7e3258560f8ea2fe5e22545fa7523c2477156,71940,True,True
pd1p7b-top040-lam010-lr20-s43-rl160,checkpoint_manifest,160,/volume/posttrain/users/lsk/nvc-repo/sgd_rlvr_reproduce/checkpoints/paperD_rl160/pd1p7b-top040-lam010-lr20-s43-rl160/manifests/checkpoint_rlstep160.sha256,a9022428405d6192f9b1bf997132ef14258af044ce485551898ffd1d00ee61c4,48826,True,True
pd1p7b-top040-lam010-lr20-s43-rl160,resolved_config,,/volume/posttrain/users/lsk/nvc-repo/sgd_rlvr_reproduce/checkpoints/paperD_rl160/pd1p7b-top040-lam010-lr20-s43-rl160/manifests/resolved_config.yaml,fe32fe531f72fc69917c657277708f7d8b4cd64920cd522239d86660425bf537,42507,True,True
pd1p7b-top040-lam010-lr20-s43-rl160,environment,,/volume/posttrain/users/lsk/nvc-repo/sgd_rlvr_reproduce/checkpoints/paperD_rl160/pd1p7b-top040-lam010-lr20-s43-rl160/manifests/environment.json,4689ba72e34bdaf2546ebf1abcbd06efd899597f362e2e257d8d779b3a22282f,18138,True,True
pd1p7b-top040-lam010-lr20-s43-rl160,rollout_prompt_manifest,,/volume/posttrain/users/lsk/nvc-repo/sgd_rlvr_reproduce/checkpoints/paperD_rl160/pd1p7b-top040-lam010-lr20-s43-rl160/manifests/rollout_prompt_ids.jsonl,9af67efb77402ba10c8dd43e1db5f53f936ae93845e5bf14f76de11e99157ed7,24000485,True,True
pd1p7b-top040-lam010-lr20-s44-rl160,train_log,,/volume/posttrain/users/lsk/nvc-repo/sgd_rlvr_reproduce/checkpoints/paperD_rl160/pd1p7b-top040-lam010-lr20-s44-rl160/logs/train_rlstep000_160.jsonl,b1d0a4d987e6d10b1a383b9145b6215e9f4801a1272cfe3075129d7d65fdefc9,8016767,True,True
pd1p7b-top040-lam010-lr20-s44-rl160,evaluation_log,40,/volume/posttrain/users/lsk/nvc-repo/sgd_rlvr_reproduce/checkpoints/paperD_rl160/pd1p7b-top040-lam010-lr20-s44-rl160/logs/eval_rlstep040.jsonl,c6e66323bedab011adb8d973f519ebd8f7d5ad79b61809cbfecb42332f8147cf,2435392,True,True
pd1p7b-top040-lam010-lr20-s44-rl160,evaluation_log,80,/volume/posttrain/users/lsk/nvc-repo/sgd_rlvr_reproduce/checkpoints/paperD_rl160/pd1p7b-top040-lam010-lr20-s44-rl160/logs/eval_rlstep080.jsonl,b42eff0af17d1070d1350e1123d70187d221f045c133f78289fc0d553de2e71c,2426174,True,True
pd1p7b-top040-lam010-lr20-s44-rl160,evaluation_log,120,/volume/posttrain/users/lsk/nvc-repo/sgd_rlvr_reproduce/checkpoints/paperD_rl160/pd1p7b-top040-lam010-lr20-s44-rl160/logs/eval_rlstep120.jsonl,ff244b6cd36813b200b2db53463b55d8d40cd40d8581dcb62b8e0cea62a8f1d9,2446658,True,True
pd1p7b-top040-lam010-lr20-s44-rl160,evaluation_log,160,/volume/posttrain/users/lsk/nvc-repo/sgd_rlvr_reproduce/checkpoints/paperD_rl160/pd1p7b-top040-lam010-lr20-s44-rl160/logs/eval_rlstep160.jsonl,81b48e90ff592ea6ff8585e3b89089b64dc73c4079c94b7fc4cafbf25a96d3d1,2424213,True,True
pd1p7b-top040-lam010-lr20-s44-rl160,checkpoint_manifest,40,/volume/posttrain/users/lsk/nvc-repo/sgd_rlvr_reproduce/checkpoints/paperD_rl160/pd1p7b-top040-lam010-lr20-s44-rl160/manifests/checkpoint_rlstep040.sha256,8b50af1cfb210bd3624d782707feff40cfdb8588d22452e77a617134547b8b52,58428,True,True
pd1p7b-top040-lam010-lr20-s44-rl160,checkpoint_manifest,80,/volume/posttrain/users/lsk/nvc-repo/sgd_rlvr_reproduce/checkpoints/paperD_rl160/pd1p7b-top040-lam010-lr20-s44-rl160/manifests/checkpoint_rlstep080.sha256,3413ee56c250089906d6e87cca2eec26890bbbe9096979258403a0f40e1be596,50544,True,True
pd1p7b-top040-lam010-lr20-s44-rl160,checkpoint_manifest,120,/volume/posttrain/users/lsk/nvc-repo/sgd_rlvr_reproduce/checkpoints/paperD_rl160/pd1p7b-top040-lam010-lr20-s44-rl160/manifests/checkpoint_rlstep120.sha256,df70f825c19e2a794417d214c6f14bfa3019c6f0bc6bbb646930111e9dba12af,75803,True,True
pd1p7b-top040-lam010-lr20-s44-rl160,checkpoint_manifest,160,/volume/posttrain/users/lsk/nvc-repo/sgd_rlvr_reproduce/checkpoints/paperD_rl160/pd1p7b-top040-lam010-lr20-s44-rl160/manifests/checkpoint_rlstep160.sha256,e91f0e8935df85aaac05b11cfbccdaae1bee8fadb0f840626b82ca9f48b32256,84027,True,True
pd1p7b-top040-lam010-lr20-s44-rl160,resolved_config,,/volume/posttrain/users/lsk/nvc-repo/sgd_rlvr_reproduce/checkpoints/paperD_rl160/pd1p7b-top040-lam010-lr20-s44-rl160/manifests/resolved_config.yaml,ede84460571e4de95d056ef5067c1f3ec4a4d1b8925bf99fca80d5a7d0fd8348,41278,True,True
pd1p7b-top040-lam010-lr20-s44-rl160,environment,,/volume/posttrain/users/lsk/nvc-repo/sgd_rlvr_reproduce/checkpoints/paperD_rl160/pd1p7b-top040-lam010-lr20-s44-rl160/manifests/environment.json,33031a7505d7b5ebd2bf8701fe9fe5e6a929ab0ca1998b84b1edece753d676f7,12677,True,True
pd1p7b-top040-lam010-lr20-s44-rl160,rollout_prompt_manifest,,/volume/posttrain/users/lsk/nvc-repo/sgd_rlvr_reproduce/checkpoints/paperD_rl160/pd1p7b-top040-lam010-lr20-s44-rl160/manifests/rollout_prompt_ids.jsonl,08d92127181da8ed450a6d77c367ad2d658cc6af85aaf50b6e42bb01c089d085,24025734,True,True
pd8b-ctrl-frozen-s42-rl160,train_log,,/volume/posttrain/users/lsk/nvc-repo/sgd_rlvr_reproduce/checkpoints/paperD_rl160/pd8b-ctrl-frozen-s42-rl160/logs/train_rlstep000_160.jsonl,99cf9514fe58631f882180b7363cd1caf803ac015510fdb16574da14df70eef4,8023939,True,True
pd8b-ctrl-frozen-s42-rl160,evaluation_log,40,/volume/posttrain/users/lsk/nvc-repo/sgd_rlvr_reproduce/checkpoints/paperD_rl160/pd8b-ctrl-frozen-s42-rl160/logs/eval_rlstep040.jsonl,392677430cde5650d25f1bff978b684956ff06398277eafc1912e25360820c61,2443691,True,True
pd8b-ctrl-frozen-s42-rl160,evaluation_log,80,/volume/posttrain/users/lsk/nvc-repo/sgd_rlvr_reproduce/checkpoints/paperD_rl160/pd8b-ctrl-frozen-s42-rl160/logs/eval_rlstep080.jsonl,39797660985ff60bb8a9bf91d4f533adfb9ea94f0280911e8d52b8ef25d48cfe,2420435,True,True
pd8b-ctrl-frozen-s42-rl160,evaluation_log,120,/volume/posttrain/users/lsk/nvc-repo/sgd_rlvr_reproduce/checkpoints/paperD_rl160/pd8b-ctrl-frozen-s42-rl160/logs/eval_rlstep120.jsonl,0f5bf7a2c779248a2928a67527a3596197085ea9c2baff7e777e1050bbe0467a,2431431,True,True
pd8b-ctrl-frozen-s42-rl160,evaluation_log,160,/volume/posttrain/users/lsk/nvc-repo/sgd_rlvr_reproduce/checkpoints/paperD_rl160/pd8b-ctrl-frozen-s42-rl160/logs/eval_rlstep160.jsonl,27096ba185f234bfcb1365ed595ff7eb7814b5a25879b5c118c27283eac90166,2436709,True,True
pd8b-ctrl-frozen-s42-rl160,checkpoint_manifest,40,/volume/posttrain/users/lsk/nvc-repo/sgd_rlvr_reproduce/checkpoints/paperD_rl160/pd8b-ctrl-frozen-s42-rl160/manifests/checkpoint_rlstep040.sha256,4e19a5b216e27467db71107964a4bf189d518cc71178486cfeb3cd44154ba217,97491,True,True
pd8b-ctrl-frozen-s42-rl160,checkpoint_manifest,80,/volume/posttrain/users/lsk/nvc-repo/sgd_rlvr_reproduce/checkpoints/paperD_rl160/pd8b-ctrl-frozen-s42-rl160/manifests/checkpoint_rlstep080.sha256,81dc4923693acccb5a930e3ffd16ec7dd964c0b71339f1e022a4f5ee642d14c5,90372,True,True
pd8b-ctrl-frozen-s42-rl160,checkpoint_manifest,120,/volume/posttrain/users/lsk/nvc-repo/sgd_rlvr_reproduce/checkpoints/paperD_rl160/pd8b-ctrl-frozen-s42-rl160/manifests/checkpoint_rlstep120.sha256,006f6533feec4f615c73840e88c4fc8c0b7ebba79b31dcc85c20857346295942,49506,True,True
pd8b-ctrl-frozen-s42-rl160,checkpoint_manifest,160,/volume/posttrain/users/lsk/nvc-repo/sgd_rlvr_reproduce/checkpoints/paperD_rl160/pd8b-ctrl-frozen-s42-rl160/manifests/checkpoint_rlstep160.sha256,12d5397fef6d7386d2687da744166c84739dde01762309ff8ef2620dd3b42bac,53433,True,True
pd8b-ctrl-frozen-s42-rl160,resolved_config,,/volume/posttrain/users/lsk/nvc-repo/sgd_rlvr_reproduce/checkpoints/paperD_rl160/pd8b-ctrl-frozen-s42-rl160/manifests/resolved_config.yaml,5e80f3491b84b45e45575f2e56f7588def8b7831cd155b320767868f03639c0a,43351,True,True
pd8b-ctrl-frozen-s42-rl160,environment,,/volume/posttrain/users/lsk/nvc-repo/sgd_rlvr_reproduce/checkpoints/paperD_rl160/pd8b-ctrl-frozen-s42-rl160/manifests/environment.json,6d7751c84e104300fa7166c67accc827f0d6afcde9e4e4d4b11fa4ff7c5cc79d,45247,True,True
pd8b-ctrl-frozen-s42-rl160,rollout_prompt_manifest,,/volume/posttrain/users/lsk/nvc-repo/sgd_rlvr_reproduce/checkpoints/paperD_rl160/pd8b-ctrl-frozen-s42-rl160/manifests/rollout_prompt_ids.jsonl,8b9b9c6608ee69f25c6fcaf060a515ebfa9b0e8467a0678ca1d717bb2487b806,24025017,True,True
pd8b-ctrl-frozen-s43-rl160,train_log,,/volume/posttrain/users/lsk/nvc-repo/sgd_rlvr_reproduce/checkpoints/paperD_rl160/pd8b-ctrl-frozen-s43-rl160/logs/train_rlstep000_160.jsonl,a1f6ce0482006a3e3056610def79f3c4f85bd9ff5c3b13cfa70287ba051a645f,8013607,True,True
pd8b-ctrl-frozen-s43-rl160,evaluation_log,40,/volume/posttrain/users/lsk/nvc-repo/sgd_rlvr_reproduce/checkpoints/paperD_rl160/pd8b-ctrl-frozen-s43-rl160/logs/eval_rlstep040.jsonl,9c5c273f5bfbb7d2e7a0f9399b50e47d8e174363a7ce292290183c599fba1268,2442329,True,True
pd8b-ctrl-frozen-s43-rl160,evaluation_log,80,/volume/posttrain/users/lsk/nvc-repo/sgd_rlvr_reproduce/checkpoints/paperD_rl160/pd8b-ctrl-frozen-s43-rl160/logs/eval_rlstep080.jsonl,6b3c629faa9ceb4c1cbaa052b80a7388e36ef61dbe1494e3d5620fe0f60e9def,2409292,True,True
pd8b-ctrl-frozen-s43-rl160,evaluation_log,120,/volume/posttrain/users/lsk/nvc-repo/sgd_rlvr_reproduce/checkpoints/paperD_rl160/pd8b-ctrl-frozen-s43-rl160/logs/eval_rlstep120.jsonl,1bb8a9774f91c6a50543788cced9fc73f82ed203458a2e134308acc1cb1a5b9f,2436432,True,True
pd8b-ctrl-frozen-s43-rl160,evaluation_log,160,/volume/posttrain/users/lsk/nvc-repo/sgd_rlvr_reproduce/checkpoints/paperD_rl160/pd8b-ctrl-frozen-s43-rl160/logs/eval_rlstep160.jsonl,bcd3e79ff39bad949489c7c11b46a15d5bfbb51d69d294175c6271ad82e261c5,2445738,True,True
pd8b-ctrl-frozen-s43-rl160,checkpoint_manifest,40,/volume/posttrain/users/lsk/nvc-repo/sgd_rlvr_reproduce/checkpoints/paperD_rl160/pd8b-ctrl-frozen-s43-rl160/manifests/checkpoint_rlstep040.sha256,dffc0cbdc09845a23aa0b609063346f79ec1d142c9a78fd3d2930d19f14177e9,77029,True,True
pd8b-ctrl-frozen-s43-rl160,checkpoint_manifest,80,/volume/posttrain/users/lsk/nvc-repo/sgd_rlvr_reproduce/checkpoints/paperD_rl160/pd8b-ctrl-frozen-s43-rl160/manifests/checkpoint_rlstep080.sha256,19a3c9263857fdcf77dfd8de2fc32663605376057489a445b7502ee00b1ea2c0,51751,True,True
pd8b-ctrl-frozen-s43-rl160,checkpoint_manifest,120,/volume/posttrain/users/lsk/nvc-repo/sgd_rlvr_reproduce/checkpoints/paperD_rl160/pd8b-ctrl-frozen-s43-rl160/manifests/checkpoint_rlstep120.sha256,3275725d6994c79addee06b42bc2abfbc9c2f9c11091a79946c7e08111f57414,88649,True,True
pd8b-ctrl-frozen-s43-rl160,checkpoint_manifest,160,/volume/posttrain/users/lsk/nvc-repo/sgd_rlvr_reproduce/checkpoints/paperD_rl160/pd8b-ctrl-frozen-s43-rl160/manifests/checkpoint_rlstep160.sha256,b2a7cf81898930d693aec543fd72c098f4625965c1dc5897457f7d11afd8b60e,56233,True,True
pd8b-ctrl-frozen-s43-rl160,resolved_config,,/volume/posttrain/users/lsk/nvc-repo/sgd_rlvr_reproduce/checkpoints/paperD_rl160/pd8b-ctrl-frozen-s43-rl160/manifests/resolved_config.yaml,5364a647b28afba92a146e153c1267373cb994259af1be10558f30730e4ac828,57844,True,True
pd8b-ctrl-frozen-s43-rl160,environment,,/volume/posttrain/users/lsk/nvc-repo/sgd_rlvr_reproduce/checkpoints/paperD_rl160/pd8b-ctrl-frozen-s43-rl160/manifests/environment.json,fa6ba756bb3e3f79a8cbf22336a96829047128c1883786d9139a75d9f2790d1b,47576,True,True
pd8b-ctrl-frozen-s43-rl160,rollout_prompt_manifest,,/volume/posttrain/users/lsk/nvc-repo/sgd_rlvr_reproduce/checkpoints/paperD_rl160/pd8b-ctrl-frozen-s43-rl160/manifests/rollout_prompt_ids.jsonl,ae2e2a4566cde87fbcf030df8208e077784ad8eeb5ada08da08ad4a388e01575,24033826,True,True
pd8b-ctrl-frozen-s44-rl160,train_log,,/volume/posttrain/users/lsk/nvc-repo/sgd_rlvr_reproduce/checkpoints/paperD_rl160/pd8b-ctrl-frozen-s44-rl160/logs/train_rlstep000_160.jsonl,7f7bbe0fb3679260ebe6268efaa2429b90757276fbca5fc2a8733ad0d8c737d3,8006096,True,True
pd8b-ctrl-frozen-s44-rl160,evaluation_log,40,/volume/posttrain/users/lsk/nvc-repo/sgd_rlvr_reproduce/checkpoints/paperD_rl160/pd8b-ctrl-frozen-s44-rl160/logs/eval_rlstep040.jsonl,75582b9c31467e636221261e305f288049ba384a57479a10c37d24c10e4906aa,2406693,True,True
pd8b-ctrl-frozen-s44-rl160,evaluation_log,80,/volume/posttrain/users/lsk/nvc-repo/sgd_rlvr_reproduce/checkpoints/paperD_rl160/pd8b-ctrl-frozen-s44-rl160/logs/eval_rlstep080.jsonl,2cc410772c8982fa0d301583c15df2acba2236e2bd675d8069b0e4e21b37d2d4,2418522,True,True
pd8b-ctrl-frozen-s44-rl160,evaluation_log,120,/volume/posttrain/users/lsk/nvc-repo/sgd_rlvr_reproduce/checkpoints/paperD_rl160/pd8b-ctrl-frozen-s44-rl160/logs/eval_rlstep120.jsonl,fca2249f3aadf11655dd2586ef3595b4462649d3ca3c8c5de51a984b1bac6c14,2436167,True,True
pd8b-ctrl-frozen-s44-rl160,evaluation_log,160,/volume/posttrain/users/lsk/nvc-repo/sgd_rlvr_reproduce/checkpoints/paperD_rl160/pd8b-ctrl-frozen-s44-rl160/logs/eval_rlstep160.jsonl,a0addfd9307898445056fa01a248f37a60f4f550dadbfe6463ee44717ccb5636,2425820,True,True
pd8b-ctrl-frozen-s44-rl160,checkpoint_manifest,40,/volume/posttrain/users/lsk/nvc-repo/sgd_rlvr_reproduce/checkpoints/paperD_rl160/pd8b-ctrl-frozen-s44-rl160/manifests/checkpoint_rlstep040.sha256,12d1dd4227966d6b0aad0ce7c7239ac5a221ae3da10cd93a27a1658ea52effb5,83481,True,True
pd8b-ctrl-frozen-s44-rl160,checkpoint_manifest,80,/volume/posttrain/users/lsk/nvc-repo/sgd_rlvr_reproduce/checkpoints/paperD_rl160/pd8b-ctrl-frozen-s44-rl160/manifests/checkpoint_rlstep080.sha256,e336dad5b25403c493770671ab32144e15c7a4c805c1e4fa554bf23f9ff90d06,51120,True,True
pd8b-ctrl-frozen-s44-rl160,checkpoint_manifest,120,/volume/posttrain/users/lsk/nvc-repo/sgd_rlvr_reproduce/checkpoints/paperD_rl160/pd8b-ctrl-frozen-s44-rl160/manifests/checkpoint_rlstep120.sha256,4949f73e5101c169e4549762ab6f52dc69837f88a4555c7811f38ab8e8dc7efc,52472,True,True
pd8b-ctrl-frozen-s44-rl160,checkpoint_manifest,160,/volume/posttrain/users/lsk/nvc-repo/sgd_rlvr_reproduce/checkpoints/paperD_rl160/pd8b-ctrl-frozen-s44-rl160/manifests/checkpoint_rlstep160.sha256,037e4d42a8c3668aa552eb6dd71fa6b603ba5631ff141154120c914fff96716e,93426,True,True
pd8b-ctrl-frozen-s44-rl160,resolved_config,,/volume/posttrain/users/lsk/nvc-repo/sgd_rlvr_reproduce/checkpoints/paperD_rl160/pd8b-ctrl-frozen-s44-rl160/manifests/resolved_config.yaml,fe62dc09b4915f9272f014074fbc55001644adcad1133b49d77c0a23ef285957,83707,True,True
pd8b-ctrl-frozen-s44-rl160,environment,,/volume/posttrain/users/lsk/nvc-repo/sgd_rlvr_reproduce/checkpoints/paperD_rl160/pd8b-ctrl-frozen-s44-rl160/manifests/environment.json,4f3810ebe34dddafc88c6ed88503837f14509001dc05fa45b50a7d9a20128baa,29695,True,True
pd8b-ctrl-frozen-s44-rl160,rollout_prompt_manifest,,/volume/posttrain/users/lsk/nvc-repo/sgd_rlvr_reproduce/checkpoints/paperD_rl160/pd8b-ctrl-frozen-s44-rl160/manifests/rollout_prompt_ids.jsonl,96fe9f68de1a06b9543252e402d077e645cd658d71a0ceeb0f976fd65bae535b,24022389,True,True
pd8b-ctrl-oracle-s42-rl160,train_log,,/volume/posttrain/users/lsk/nvc-repo/sgd_rlvr_reproduce/checkpoints/paperD_rl160/pd8b-ctrl-oracle-s42-rl160/logs/train_rlstep000_160.jsonl,0fe2d0fc1d4940d7f5e2af508b17bc278f1f3b0d7f503e40ed2af0f1971b6f74,8013136,True,True
pd8b-ctrl-oracle-s42-rl160,evaluation_log,40,/volume/posttrain/users/lsk/nvc-repo/sgd_rlvr_reproduce/checkpoints/paperD_rl160/pd8b-ctrl-oracle-s42-rl160/logs/eval_rlstep040.jsonl,fca535ffceca86bb790b2b852805ac7fbbae704d65a3a0e5f3f494ed89157a64,2418194,True,True
pd8b-ctrl-oracle-s42-rl160,evaluation_log,80,/volume/posttrain/users/lsk/nvc-repo/sgd_rlvr_reproduce/checkpoints/paperD_rl160/pd8b-ctrl-oracle-s42-rl160/logs/eval_rlstep080.jsonl,accf380051cb8e093005ca2962e3026583cc02c00752ef839aa02251b653c6bf,2443552,True,True
pd8b-ctrl-oracle-s42-rl160,evaluation_log,120,/volume/posttrain/users/lsk/nvc-repo/sgd_rlvr_reproduce/checkpoints/paperD_rl160/pd8b-ctrl-oracle-s42-rl160/logs/eval_rlstep120.jsonl,2d63cfc9fadcb75900f4f8813286f63548aa1693e2414818984e2cb41fb82935,2406140,True,True
pd8b-ctrl-oracle-s42-rl160,evaluation_log,160,/volume/posttrain/users/lsk/nvc-repo/sgd_rlvr_reproduce/checkpoints/paperD_rl160/pd8b-ctrl-oracle-s42-rl160/logs/eval_rlstep160.jsonl,2eff18e5dfbdcb45a268fe230f0c2bbbeae4bb2f59d011de0653e36faea5bc9c,2435904,True,True
pd8b-ctrl-oracle-s42-rl160,checkpoint_manifest,40,/volume/posttrain/users/lsk/nvc-repo/sgd_rlvr_reproduce/checkpoints/paperD_rl160/pd8b-ctrl-oracle-s42-rl160/manifests/checkpoint_rlstep040.sha256,7b2ae2a3607fc884eb458179bf219e3b43b076509fd252dd97dc86f20a8983b8,69395,True,True
pd8b-ctrl-oracle-s42-rl160,checkpoint_manifest,80,/volume/posttrain/users/lsk/nvc-repo/sgd_rlvr_reproduce/checkpoints/paperD_rl160/pd8b-ctrl-oracle-s42-rl160/manifests/checkpoint_rlstep080.sha256,446a93996540246c0540752d32715ddfc26a9d331e2712b0de3db1675c6fa834,95610,True,True
pd8b-ctrl-oracle-s42-rl160,checkpoint_manifest,120,/volume/posttrain/users/lsk/nvc-repo/sgd_rlvr_reproduce/checkpoints/paperD_rl160/pd8b-ctrl-oracle-s42-rl160/manifests/checkpoint_rlstep120.sha256,67a5cecb16f71873788a213502f78199c3ea7d48358ff5f4136fefd4b2df0266,73844,True,True
pd8b-ctrl-oracle-s42-rl160,checkpoint_manifest,160,/volume/posttrain/users/lsk/nvc-repo/sgd_rlvr_reproduce/checkpoints/paperD_rl160/pd8b-ctrl-oracle-s42-rl160/manifests/checkpoint_rlstep160.sha256,f06d23bd6238bb248ce3a2f2402b277f6ff5737cce08ea0efff67036678043a9,89043,True,True
pd8b-ctrl-oracle-s42-rl160,resolved_config,,/volume/posttrain/users/lsk/nvc-repo/sgd_rlvr_reproduce/checkpoints/paperD_rl160/pd8b-ctrl-oracle-s42-rl160/manifests/resolved_config.yaml,9ae5ab73ea449270749a2bfedf9b5b756d1cfbb55ec9b8ac717c0f42321482e9,55128,True,True
pd8b-ctrl-oracle-s42-rl160,environment,,/volume/posttrain/users/lsk/nvc-repo/sgd_rlvr_reproduce/checkpoints/paperD_rl160/pd8b-ctrl-oracle-s42-rl160/manifests/environment.json,8884661a60b35a4a6c52857c346e9b63f895a04a53680d3d725572187345f9e7,24955,True,True
pd8b-ctrl-oracle-s42-rl160,rollout_prompt_manifest,,/volume/posttrain/users/lsk/nvc-repo/sgd_rlvr_reproduce/checkpoints/paperD_rl160/pd8b-ctrl-oracle-s42-rl160/manifests/rollout_prompt_ids.jsonl,d0a500ac7a10c4adf759a4b616b3994c16933b26d498840642e1b3603dc3ad6e,24024071,True,True
pd8b-ctrl-oracle-s43-rl160,train_log,,/volume/posttrain/users/lsk/nvc-repo/sgd_rlvr_reproduce/checkpoints/paperD_rl160/pd8b-ctrl-oracle-s43-rl160/logs/train_rlstep000_160.jsonl,42f6d29037cc65a3c9bcbc36df3747dd9bc217a8dd996e3e467ff56bffab035d,8019462,True,True
pd8b-ctrl-oracle-s43-rl160,evaluation_log,40,/volume/posttrain/users/lsk/nvc-repo/sgd_rlvr_reproduce/checkpoints/paperD_rl160/pd8b-ctrl-oracle-s43-rl160/logs/eval_rlstep040.jsonl,f28d361a85cf09eaf74ca44f2f40c010e95d5387c79d400ccaf297bf32da53d7,2419086,True,True
pd8b-ctrl-oracle-s43-rl160,evaluation_log,80,/volume/posttrain/users/lsk/nvc-repo/sgd_rlvr_reproduce/checkpoints/paperD_rl160/pd8b-ctrl-oracle-s43-rl160/logs/eval_rlstep080.jsonl,cfa8ac4af1d2e3fa584c5441f92f455c10e8248ab7d3a8fadd09a84f3ce3f02f,2438351,True,True
pd8b-ctrl-oracle-s43-rl160,evaluation_log,120,/volume/posttrain/users/lsk/nvc-repo/sgd_rlvr_reproduce/checkpoints/paperD_rl160/pd8b-ctrl-oracle-s43-rl160/logs/eval_rlstep120.jsonl,6c9b24ebb7cb40e44ce1a4a3f14f6ab5015183d18a678a27bf6de2f96cfae74a,2435746,True,True
pd8b-ctrl-oracle-s43-rl160,evaluation_log,160,/volume/posttrain/users/lsk/nvc-repo/sgd_rlvr_reproduce/checkpoints/paperD_rl160/pd8b-ctrl-oracle-s43-rl160/logs/eval_rlstep160.jsonl,25fceeab31cbd774c6faea33e66a358d88e156a8c1895bffdae43124c7c608df,2416380,True,True
pd8b-ctrl-oracle-s43-rl160,checkpoint_manifest,40,/volume/posttrain/users/lsk/nvc-repo/sgd_rlvr_reproduce/checkpoints/paperD_rl160/pd8b-ctrl-oracle-s43-rl160/manifests/checkpoint_rlstep040.sha256,9d71d57ea4eabd52bfec1b170f209e6efe2042e72d2c498eb9a86db61573098c,95515,True,True
pd8b-ctrl-oracle-s43-rl160,checkpoint_manifest,80,/volume/posttrain/users/lsk/nvc-repo/sgd_rlvr_reproduce/checkpoints/paperD_rl160/pd8b-ctrl-oracle-s43-rl160/manifests/checkpoint_rlstep080.sha256,1202aee8049e5f2e95a8a307a9eb17f1d20ee051858ce328e0b67bc0b08a2151,83186,True,True
pd8b-ctrl-oracle-s43-rl160,checkpoint_manifest,120,/volume/posttrain/users/lsk/nvc-repo/sgd_rlvr_reproduce/checkpoints/paperD_rl160/pd8b-ctrl-oracle-s43-rl160/manifests/checkpoint_rlstep120.sha256,9112147a67d2e69cff56dd75e0aa66c04f5307c180319f9cac41833b7723b3ce,52483,True,True
pd8b-ctrl-oracle-s43-rl160,checkpoint_manifest,160,/volume/posttrain/users/lsk/nvc-repo/sgd_rlvr_reproduce/checkpoints/paperD_rl160/pd8b-ctrl-oracle-s43-rl160/manifests/checkpoint_rlstep160.sha256,b9dfa3862bee9bc9763d342ae88ebbe860a6671e56cae8f66b62317008d51c2e,67387,True,True
pd8b-ctrl-oracle-s43-rl160,resolved_config,,/volume/posttrain/users/lsk/nvc-repo/sgd_rlvr_reproduce/checkpoints/paperD_rl160/pd8b-ctrl-oracle-s43-rl160/manifests/resolved_config.yaml,7b78a26c6061bbd601e74cc71370761483b68ddea517b37720122fdfb3950f1f,62858,True,True
pd8b-ctrl-oracle-s43-rl160,environment,,/volume/posttrain/users/lsk/nvc-repo/sgd_rlvr_reproduce/checkpoints/paperD_rl160/pd8b-ctrl-oracle-s43-rl160/manifests/environment.json,9cceb78451801c8d3cb43b4020be17b7ebfa43de9ed76b148fcc8fdef5d1facf,45603,True,True
pd8b-ctrl-oracle-s43-rl160,rollout_prompt_manifest,,/volume/posttrain/users/lsk/nvc-repo/sgd_rlvr_reproduce/checkpoints/paperD_rl160/pd8b-ctrl-oracle-s43-rl160/manifests/rollout_prompt_ids.jsonl,2fc2e863c574c60627fc239a7070383aaaa18cfd3135978ab7849107b2eac5fe,24024501,True,True
pd8b-ctrl-oracle-s44-rl160,train_log,,/volume/posttrain/users/lsk/nvc-repo/sgd_rlvr_reproduce/checkpoints/paperD_rl160/pd8b-ctrl-oracle-s44-rl160/logs/train_rlstep000_160.jsonl,e4489d711be04c40a5d45f0edfce888840caa8688293e534e15b3ef550fee3ae,8039679,True,True
pd8b-ctrl-oracle-s44-rl160,evaluation_log,40,/volume/posttrain/users/lsk/nvc-repo/sgd_rlvr_reproduce/checkpoints/paperD_rl160/pd8b-ctrl-oracle-s44-rl160/logs/eval_rlstep040.jsonl,5230022b19095c144b67e453a1839082dc84c530bdfc8c63ed9b025b2b2b0bf6,2429405,True,True
pd8b-ctrl-oracle-s44-rl160,evaluation_log,80,/volume/posttrain/users/lsk/nvc-repo/sgd_rlvr_reproduce/checkpoints/paperD_rl160/pd8b-ctrl-oracle-s44-rl160/logs/eval_rlstep080.jsonl,d613de41320ef44020e7f5f1541af73335adf2d1a281cb845fde9c2bc26e321a,2424183,True,True
pd8b-ctrl-oracle-s44-rl160,evaluation_log,120,/volume/posttrain/users/lsk/nvc-repo/sgd_rlvr_reproduce/checkpoints/paperD_rl160/pd8b-ctrl-oracle-s44-rl160/logs/eval_rlstep120.jsonl,3d7b0304a2bf5f62461dd2fcb01b699a9e1b8ea21d1925ad87645876559e3c26,2438906,True,True
pd8b-ctrl-oracle-s44-rl160,evaluation_log,160,/volume/posttrain/users/lsk/nvc-repo/sgd_rlvr_reproduce/checkpoints/paperD_rl160/pd8b-ctrl-oracle-s44-rl160/logs/eval_rlstep160.jsonl,e3dc9d90defd87266defcfe88122ba2d10cd5b2a705e3b2155291dc92de4f3f4,2433637,True,True
pd8b-ctrl-oracle-s44-rl160,checkpoint_manifest,40,/volume/posttrain/users/lsk/nvc-repo/sgd_rlvr_reproduce/checkpoints/paperD_rl160/pd8b-ctrl-oracle-s44-rl160/manifests/checkpoint_rlstep040.sha256,16b16230a6c36995d9146b0b1a95e25eb0d9895ac7bc351b61238e1a3531289e,93733,True,True
pd8b-ctrl-oracle-s44-rl160,checkpoint_manifest,80,/volume/posttrain/users/lsk/nvc-repo/sgd_rlvr_reproduce/checkpoints/paperD_rl160/pd8b-ctrl-oracle-s44-rl160/manifests/checkpoint_rlstep080.sha256,500a8fcd1cd1d9f660c2d83c5b987a20ff89d9f2711d1154e3793103fdbb5034,62963,True,True
pd8b-ctrl-oracle-s44-rl160,checkpoint_manifest,120,/volume/posttrain/users/lsk/nvc-repo/sgd_rlvr_reproduce/checkpoints/paperD_rl160/pd8b-ctrl-oracle-s44-rl160/manifests/checkpoint_rlstep120.sha256,074631aa87f077701b7da325947e7fb236fa27ee27b0c72a1d5f5531849ac895,81504,True,True
pd8b-ctrl-oracle-s44-rl160,checkpoint_manifest,160,/volume/posttrain/users/lsk/nvc-repo/sgd_rlvr_reproduce/checkpoints/paperD_rl160/pd8b-ctrl-oracle-s44-rl160/manifests/checkpoint_rlstep160.sha256,4c0d782bf1596746fbcde8b0fb86edb33da5edb619a5a095703c8ef1ce653565,89264,True,True
pd8b-ctrl-oracle-s44-rl160,resolved_config,,/volume/posttrain/users/lsk/nvc-repo/sgd_rlvr_reproduce/checkpoints/paperD_rl160/pd8b-ctrl-oracle-s44-rl160/manifests/resolved_config.yaml,a77d7d546245b09ceece0c6f61b5d17610d3035790fd0c906ef63e933dd63430,53530,True,True
pd8b-ctrl-oracle-s44-rl160,environment,,/volume/posttrain/users/lsk/nvc-repo/sgd_rlvr_reproduce/checkpoints/paperD_rl160/pd8b-ctrl-oracle-s44-rl160/manifests/environment.json,484e64e183a02ca54a9dae40ee2cb167d8b2003a3fda104977480cb5202c6194,18407,True,True
pd8b-ctrl-oracle-s44-rl160,rollout_prompt_manifest,,/volume/posttrain/users/lsk/nvc-repo/sgd_rlvr_reproduce/checkpoints/paperD_rl160/pd8b-ctrl-oracle-s44-rl160/manifests/rollout_prompt_ids.jsonl,1bca2f026bd440e8cdba4ae890bbfaf1392cd6ad9cc831ef4d6bd289fa1baa46,24026869,True,True
pd8b-ctrl-staticmag-s42-rl160,train_log,,/volume/posttrain/users/lsk/nvc-repo/sgd_rlvr_reproduce/checkpoints/paperD_rl160/pd8b-ctrl-staticmag-s42-rl160/logs/train_rlstep000_160.jsonl,5e0388ff7e8ef0a5b0d672db1931c5d72df7d1a8881f084161cccbe79f7f05e1,8014124,True,True
pd8b-ctrl-staticmag-s42-rl160,evaluation_log,40,/volume/posttrain/users/lsk/nvc-repo/sgd_rlvr_reproduce/checkpoints/paperD_rl160/pd8b-ctrl-staticmag-s42-rl160/logs/eval_rlstep040.jsonl,71fd7cf07bde4674c781b3e14f2b2b00d2cd201684842d6f0e8d4e04b4adb2c2,2435155,True,True
pd8b-ctrl-staticmag-s42-rl160,evaluation_log,80,/volume/posttrain/users/lsk/nvc-repo/sgd_rlvr_reproduce/checkpoints/paperD_rl160/pd8b-ctrl-staticmag-s42-rl160/logs/eval_rlstep080.jsonl,3d9c53bbe4434ed0c821ac58a8523e17f2db5441dae0f9c1ca33a58c52dea51e,2445816,True,True
pd8b-ctrl-staticmag-s42-rl160,evaluation_log,120,/volume/posttrain/users/lsk/nvc-repo/sgd_rlvr_reproduce/checkpoints/paperD_rl160/pd8b-ctrl-staticmag-s42-rl160/logs/eval_rlstep120.jsonl,0a3c3082af22a8a080e526de8cab4fd1cd1af47323945257e7ac8d6dbb52b889,2429127,True,True
pd8b-ctrl-staticmag-s42-rl160,evaluation_log,160,/volume/posttrain/users/lsk/nvc-repo/sgd_rlvr_reproduce/checkpoints/paperD_rl160/pd8b-ctrl-staticmag-s42-rl160/logs/eval_rlstep160.jsonl,e8d1871204eb46bb334adc3bc828fb9756b04fa60f336f7124c56267aa185844,2406063,True,True
pd8b-ctrl-staticmag-s42-rl160,checkpoint_manifest,40,/volume/posttrain/users/lsk/nvc-repo/sgd_rlvr_reproduce/checkpoints/paperD_rl160/pd8b-ctrl-staticmag-s42-rl160/manifests/checkpoint_rlstep040.sha256,acf9727aadf68647808f8ecae657d6264e64c02ddca298f958875930d1c70c1c,85592,True,True
pd8b-ctrl-staticmag-s42-rl160,checkpoint_manifest,80,/volume/posttrain/users/lsk/nvc-repo/sgd_rlvr_reproduce/checkpoints/paperD_rl160/pd8b-ctrl-staticmag-s42-rl160/manifests/checkpoint_rlstep080.sha256,a34fb306feb2c177d3c0b9c1599923383faf1be64ed47416bd271ae45acedf1b,59176,True,True
pd8b-ctrl-staticmag-s42-rl160,checkpoint_manifest,120,/volume/posttrain/users/lsk/nvc-repo/sgd_rlvr_reproduce/checkpoints/paperD_rl160/pd8b-ctrl-staticmag-s42-rl160/manifests/checkpoint_rlstep120.sha256,82cf09b5928069211b3cfe597ab17b6958a9a1c0d1df2845b4b3a25552d19ccd,90238,True,True
pd8b-ctrl-staticmag-s42-rl160,checkpoint_manifest,160,/volume/posttrain/users/lsk/nvc-repo/sgd_rlvr_reproduce/checkpoints/paperD_rl160/pd8b-ctrl-staticmag-s42-rl160/manifests/checkpoint_rlstep160.sha256,2b0529cd63c486f9e675551bc484422363f2135db1e514629a47f8b3119ee370,65395,True,True
pd8b-ctrl-staticmag-s42-rl160,resolved_config,,/volume/posttrain/users/lsk/nvc-repo/sgd_rlvr_reproduce/checkpoints/paperD_rl160/pd8b-ctrl-staticmag-s42-rl160/manifests/resolved_config.yaml,fc46074edc236621df05bb91b4dd79038d3de71b9b045b637c19fa93088fdb95,65021,True,True
pd8b-ctrl-staticmag-s42-rl160,environment,,/volume/posttrain/users/lsk/nvc-repo/sgd_rlvr_reproduce/checkpoints/paperD_rl160/pd8b-ctrl-staticmag-s42-rl160/manifests/environment.json,0fa227221100147a1290ec76e517048e7c1b4a0e9f2757abd28cec3cc58a7548,60003,True,True
pd8b-ctrl-staticmag-s42-rl160,rollout_prompt_manifest,,/volume/posttrain/users/lsk/nvc-repo/sgd_rlvr_reproduce/checkpoints/paperD_rl160/pd8b-ctrl-staticmag-s42-rl160/manifests/rollout_prompt_ids.jsonl,c08e4ad465f283e1da5a15eb8040365e95edfde7590e0122b3283011a416154a,24027305,True,True
pd8b-ctrl-staticmag-s43-rl160,train_log,,/volume/posttrain/users/lsk/nvc-repo/sgd_rlvr_reproduce/checkpoints/paperD_rl160/pd8b-ctrl-staticmag-s43-rl160/logs/train_rlstep000_160.jsonl,ea0f75a44067d0c97996ade3f93dbd1869d22c310cfaba1b8d3b98ff61d7e52c,8011964,True,True
pd8b-ctrl-staticmag-s43-rl160,evaluation_log,40,/volume/posttrain/users/lsk/nvc-repo/sgd_rlvr_reproduce/checkpoints/paperD_rl160/pd8b-ctrl-staticmag-s43-rl160/logs/eval_rlstep040.jsonl,cc13fbf50d4930833d4867fb9a13c394635c9ebde360f865d60519798aa157f4,2414704,True,True
pd8b-ctrl-staticmag-s43-rl160,evaluation_log,80,/volume/posttrain/users/lsk/nvc-repo/sgd_rlvr_reproduce/checkpoints/paperD_rl160/pd8b-ctrl-staticmag-s43-rl160/logs/eval_rlstep080.jsonl,1118c00ffb8a2105cc208cc5e449b579978a63b67fc137c12b4f12b9453ef1d0,2406357,True,True
pd8b-ctrl-staticmag-s43-rl160,evaluation_log,120,/volume/posttrain/users/lsk/nvc-repo/sgd_rlvr_reproduce/checkpoints/paperD_rl160/pd8b-ctrl-staticmag-s43-rl160/logs/eval_rlstep120.jsonl,d9721989de05fd62a54be7c4d0930865d197da32036957393b0d745287428554,2445051,True,True
pd8b-ctrl-staticmag-s43-rl160,evaluation_log,160,/volume/posttrain/users/lsk/nvc-repo/sgd_rlvr_reproduce/checkpoints/paperD_rl160/pd8b-ctrl-staticmag-s43-rl160/logs/eval_rlstep160.jsonl,838e94ce356c71d35e6b80a0ea7bcfffb1499bec6980df4a25ce33d8fe358058,2442637,True,True
pd8b-ctrl-staticmag-s43-rl160,checkpoint_manifest,40,/volume/posttrain/users/lsk/nvc-repo/sgd_rlvr_reproduce/checkpoints/paperD_rl160/pd8b-ctrl-staticmag-s43-rl160/manifests/checkpoint_rlstep040.sha256,5ba576cf397f18fb2b28cdfd1d48d4356ecfe3f424d85dec79035b3d04913c72,60596,True,True
pd8b-ctrl-staticmag-s43-rl160,checkpoint_manifest,80,/volume/posttrain/users/lsk/nvc-repo/sgd_rlvr_reproduce/checkpoints/paperD_rl160/pd8b-ctrl-staticmag-s43-rl160/manifests/checkpoint_rlstep080.sha256,29aa4a184ebf1d7382f8dacddfd277c94ca295d5273dac8ae1efc0a4f2721428,90436,True,True
pd8b-ctrl-staticmag-s43-rl160,checkpoint_manifest,120,/volume/posttrain/users/lsk/nvc-repo/sgd_rlvr_reproduce/checkpoints/paperD_rl160/pd8b-ctrl-staticmag-s43-rl160/manifests/checkpoint_rlstep120.sha256,d1b20e348f5e5bc60ddc35e74455e2f3b5ac21f66148edfe65d1b910ac30cc08,81408,True,True
pd8b-ctrl-staticmag-s43-rl160,checkpoint_manifest,160,/volume/posttrain/users/lsk/nvc-repo/sgd_rlvr_reproduce/checkpoints/paperD_rl160/pd8b-ctrl-staticmag-s43-rl160/manifests/checkpoint_rlstep160.sha256,d785d8b27c41d731303bd0668bf3dd9f9bce8234c18cc6a6914e3de2637b8d0f,78081,True,True
pd8b-ctrl-staticmag-s43-rl160,resolved_config,,/volume/posttrain/users/lsk/nvc-repo/sgd_rlvr_reproduce/checkpoints/paperD_rl160/pd8b-ctrl-staticmag-s43-rl160/manifests/resolved_config.yaml,d07323a624a74ff0ea9992e50668333be2c0fec1ea147c20d890e9a410999949,47013,True,True
pd8b-ctrl-staticmag-s43-rl160,environment,,/volume/posttrain/users/lsk/nvc-repo/sgd_rlvr_reproduce/checkpoints/paperD_rl160/pd8b-ctrl-staticmag-s43-rl160/manifests/environment.json,89649db4585f3b7e91b8660b737bd415dfe31c81797e1ba41d0eb2ef447e6a79,17448,True,True
pd8b-ctrl-staticmag-s43-rl160,rollout_prompt_manifest,,/volume/posttrain/users/lsk/nvc-repo/sgd_rlvr_reproduce/checkpoints/paperD_rl160/pd8b-ctrl-staticmag-s43-rl160/manifests/rollout_prompt_ids.jsonl,22e122cd2390515d317af99a6592c77079e5a17fb02e4ad7ab2c875d2d332859,24028257,True,True
pd8b-ctrl-staticmag-s44-rl160,train_log,,/volume/posttrain/users/lsk/nvc-repo/sgd_rlvr_reproduce/checkpoints/paperD_rl160/pd8b-ctrl-staticmag-s44-rl160/logs/train_rlstep000_160.jsonl,521cd778e0481c38277a3d21d0cfbfcef112c2f14716560b973ac7151f8d2179,8020425,True,True
pd8b-ctrl-staticmag-s44-rl160,evaluation_log,40,/volume/posttrain/users/lsk/nvc-repo/sgd_rlvr_reproduce/checkpoints/paperD_rl160/pd8b-ctrl-staticmag-s44-rl160/logs/eval_rlstep040.jsonl,226161312d0bcc7afeeee6a5e896e805c67e42f6cdfba8e9c7f14127d076cd7b,2439060,True,True
pd8b-ctrl-staticmag-s44-rl160,evaluation_log,80,/volume/posttrain/users/lsk/nvc-repo/sgd_rlvr_reproduce/checkpoints/paperD_rl160/pd8b-ctrl-staticmag-s44-rl160/logs/eval_rlstep080.jsonl,3b9f256b3baf289c13f6f9457167849dc56b217da5ba0015f10eaab7c20186d8,2418183,True,True
pd8b-ctrl-staticmag-s44-rl160,evaluation_log,120,/volume/posttrain/users/lsk/nvc-repo/sgd_rlvr_reproduce/checkpoints/paperD_rl160/pd8b-ctrl-staticmag-s44-rl160/logs/eval_rlstep120.jsonl,c2f0ebee3385cebe66a07c4ae45d16edaff426b9911432bb82c3a04bc33c3ada,2410165,True,True
pd8b-ctrl-staticmag-s44-rl160,evaluation_log,160,/volume/posttrain/users/lsk/nvc-repo/sgd_rlvr_reproduce/checkpoints/paperD_rl160/pd8b-ctrl-staticmag-s44-rl160/logs/eval_rlstep160.jsonl,872878bae0add5fc517011badc69b9c4240aac9e2ef4b7c434a4acf911c0a7d3,2444140,True,True
pd8b-ctrl-staticmag-s44-rl160,checkpoint_manifest,40,/volume/posttrain/users/lsk/nvc-repo/sgd_rlvr_reproduce/checkpoints/paperD_rl160/pd8b-ctrl-staticmag-s44-rl160/manifests/checkpoint_rlstep040.sha256,bf16219c4fd03b4672a765177859bc90d02aa7820d84b394d937a35a03717d4f,82816,True,True
pd8b-ctrl-staticmag-s44-rl160,checkpoint_manifest,80,/volume/posttrain/users/lsk/nvc-repo/sgd_rlvr_reproduce/checkpoints/paperD_rl160/pd8b-ctrl-staticmag-s44-rl160/manifests/checkpoint_rlstep080.sha256,49f952049e78a78460ec89cec0b656a294154688be868353acec21de5a4e29db,66056,True,True
pd8b-ctrl-staticmag-s44-rl160,checkpoint_manifest,120,/volume/posttrain/users/lsk/nvc-repo/sgd_rlvr_reproduce/checkpoints/paperD_rl160/pd8b-ctrl-staticmag-s44-rl160/manifests/checkpoint_rlstep120.sha256,594f801cd89f4901bae1e76f6bf9cf9c0961998c90ca51daf033499ffe3ecf22,78169,True,True
pd8b-ctrl-staticmag-s44-rl160,checkpoint_manifest,160,/volume/posttrain/users/lsk/nvc-repo/sgd_rlvr_reproduce/checkpoints/paperD_rl160/pd8b-ctrl-staticmag-s44-rl160/manifests/checkpoint_rlstep160.sha256,4a4a6a3b0789de9ca17fa69dc5ae40bdf5b24d72523821e256d6fe312769541d,73745,True,True
pd8b-ctrl-staticmag-s44-rl160,resolved_config,,/volume/posttrain/users/lsk/nvc-repo/sgd_rlvr_reproduce/checkpoints/paperD_rl160/pd8b-ctrl-staticmag-s44-rl160/manifests/resolved_config.yaml,0e151192b45be9849bdc83a7f7bbc5e99e3cddbe05da213678846b4ae040c501,43151,True,True
pd8b-ctrl-staticmag-s44-rl160,environment,,/volume/posttrain/users/lsk/nvc-repo/sgd_rlvr_reproduce/checkpoints/paperD_rl160/pd8b-ctrl-staticmag-s44-rl160/manifests/environment.json,da955541f380977291dea2bace75ed646bb4e13c7299b0e63b3d0c523ec16e5a,59683,True,True
pd8b-ctrl-staticmag-s44-rl160,rollout_prompt_manifest,,/volume/posttrain/users/lsk/nvc-repo/sgd_rlvr_reproduce/checkpoints/paperD_rl160/pd8b-ctrl-staticmag-s44-rl160/manifests/rollout_prompt_ids.jsonl,82462d4b758ae60df20bfd80a2418c37126870e313ee8e1b5dbee9dae63fe00f,24007246,True,True
pd8b-ctrl-random040-s42-rl160,train_log,,/volume/posttrain/users/lsk/nvc-repo/sgd_rlvr_reproduce/checkpoints/paperD_rl160/pd8b-ctrl-random040-s42-rl160/logs/train_rlstep000_160.jsonl,c162c44c36d1a867e94d4d78a1be67277b9d3c8d49d4fd258597449776797029,8034122,True,True
pd8b-ctrl-random040-s42-rl160,evaluation_log,40,/volume/posttrain/users/lsk/nvc-repo/sgd_rlvr_reproduce/checkpoints/paperD_rl160/pd8b-ctrl-random040-s42-rl160/logs/eval_rlstep040.jsonl,5d1567246695e6babeef2995a88ede1596315b099fe0f5cd1505eae88ac8f59d,2401635,True,True
pd8b-ctrl-random040-s42-rl160,evaluation_log,80,/volume/posttrain/users/lsk/nvc-repo/sgd_rlvr_reproduce/checkpoints/paperD_rl160/pd8b-ctrl-random040-s42-rl160/logs/eval_rlstep080.jsonl,a35ea53ba02d46ba1d50bee109bacc33462fdfefcc6619371bb486992b0a91c7,2425402,True,True
pd8b-ctrl-random040-s42-rl160,evaluation_log,120,/volume/posttrain/users/lsk/nvc-repo/sgd_rlvr_reproduce/checkpoints/paperD_rl160/pd8b-ctrl-random040-s42-rl160/logs/eval_rlstep120.jsonl,4ab25a4070c539efdcf51fa6d596cdf5b4248a9b21b7826cbdc5f83fa46e561e,2409024,True,True
pd8b-ctrl-random040-s42-rl160,evaluation_log,160,/volume/posttrain/users/lsk/nvc-repo/sgd_rlvr_reproduce/checkpoints/paperD_rl160/pd8b-ctrl-random040-s42-rl160/logs/eval_rlstep160.jsonl,86c2ed921dacca77bb5ec85fab674f40aa240145588cdf387fcf67d16b2c6c21,2420767,True,True
pd8b-ctrl-random040-s42-rl160,checkpoint_manifest,40,/volume/posttrain/users/lsk/nvc-repo/sgd_rlvr_reproduce/checkpoints/paperD_rl160/pd8b-ctrl-random040-s42-rl160/manifests/checkpoint_rlstep040.sha256,e4919d940a027c91ab5b5d68fe3fc7a072a628609e6e1ca9440c0adfe931f5ab,63578,True,True
pd8b-ctrl-random040-s42-rl160,checkpoint_manifest,80,/volume/posttrain/users/lsk/nvc-repo/sgd_rlvr_reproduce/checkpoints/paperD_rl160/pd8b-ctrl-random040-s42-rl160/manifests/checkpoint_rlstep080.sha256,683618b98031dbcd6be159bd20b58657649fbaa1573b27f78807b95a3f48246c,72325,True,True
pd8b-ctrl-random040-s42-rl160,checkpoint_manifest,120,/volume/posttrain/users/lsk/nvc-repo/sgd_rlvr_reproduce/checkpoints/paperD_rl160/pd8b-ctrl-random040-s42-rl160/manifests/checkpoint_rlstep120.sha256,834b73f3d408e083865e3c50a91b07767586ddbd258370d2d76d5ee2c2ebca2f,81744,True,True
pd8b-ctrl-random040-s42-rl160,checkpoint_manifest,160,/volume/posttrain/users/lsk/nvc-repo/sgd_rlvr_reproduce/checkpoints/paperD_rl160/pd8b-ctrl-random040-s42-rl160/manifests/checkpoint_rlstep160.sha256,7aace98e589e55584b09d0883cf5eb9f9344fa8e9f9241582849a2936995c875,65657,True,True
pd8b-ctrl-random040-s42-rl160,resolved_config,,/volume/posttrain/users/lsk/nvc-repo/sgd_rlvr_reproduce/checkpoints/paperD_rl160/pd8b-ctrl-random040-s42-rl160/manifests/resolved_config.yaml,dd2bd0ff6051f93852dcdcd05479dcb74fe30893dc85832593e181c9045bb210,52965,True,True
pd8b-ctrl-random040-s42-rl160,environment,,/volume/posttrain/users/lsk/nvc-repo/sgd_rlvr_reproduce/checkpoints/paperD_rl160/pd8b-ctrl-random040-s42-rl160/manifests/environment.json,5ed6661eba497f4bbb914681acd1fcbfd538e0c43d0214056eaeb6e632b9b47a,53570,True,True
pd8b-ctrl-random040-s42-rl160,rollout_prompt_manifest,,/volume/posttrain/users/lsk/nvc-repo/sgd_rlvr_reproduce/checkpoints/paperD_rl160/pd8b-ctrl-random040-s42-rl160/manifests/rollout_prompt_ids.jsonl,76c4a97a135b6da335619bf173dc72e4f6298890a138d67d185fb4f818cd837d,24019282,True,True
pd8b-ctrl-random040-s43-rl160,train_log,,/volume/posttrain/users/lsk/nvc-repo/sgd_rlvr_reproduce/checkpoints/paperD_rl160/pd8b-ctrl-random040-s43-rl160/logs/train_rlstep000_160.jsonl,1334a237215925fad5aed4244cf393af61837982a638cd11b803fa696de06b52,8046662,True,True
pd8b-ctrl-random040-s43-rl160,evaluation_log,40,/volume/posttrain/users/lsk/nvc-repo/sgd_rlvr_reproduce/checkpoints/paperD_rl160/pd8b-ctrl-random040-s43-rl160/logs/eval_rlstep040.jsonl,154433a0eb3adab9d64cce094ca338a4179ff7a41ad3dbadac7d047366b9e4ad,2414835,True,True
pd8b-ctrl-random040-s43-rl160,evaluation_log,80,/volume/posttrain/users/lsk/nvc-repo/sgd_rlvr_reproduce/checkpoints/paperD_rl160/pd8b-ctrl-random040-s43-rl160/logs/eval_rlstep080.jsonl,1189ff34ce801a15c8e779c1ec5ac6e4805f80b744fc404bf4cadc93d76c871c,2432190,True,True
pd8b-ctrl-random040-s43-rl160,evaluation_log,120,/volume/posttrain/users/lsk/nvc-repo/sgd_rlvr_reproduce/checkpoints/paperD_rl160/pd8b-ctrl-random040-s43-rl160/logs/eval_rlstep120.jsonl,ee83f1ae28a9145cfefb638d3e1690c07cfe79f58edf0548e2ecb58e99a6fc9e,2440817,True,True
pd8b-ctrl-random040-s43-rl160,evaluation_log,160,/volume/posttrain/users/lsk/nvc-repo/sgd_rlvr_reproduce/checkpoints/paperD_rl160/pd8b-ctrl-random040-s43-rl160/logs/eval_rlstep160.jsonl,866fdc1b2864612a09005c8021ff8618f483530040c1620faebca82a1c24b2b8,2421883,True,True
pd8b-ctrl-random040-s43-rl160,checkpoint_manifest,40,/volume/posttrain/users/lsk/nvc-repo/sgd_rlvr_reproduce/checkpoints/paperD_rl160/pd8b-ctrl-random040-s43-rl160/manifests/checkpoint_rlstep040.sha256,21f6fa18be0528d90c7d2beb6664de28a5f1c86845ba89fed56c54fa0d7683f4,83375,True,True
pd8b-ctrl-random040-s43-rl160,checkpoint_manifest,80,/volume/posttrain/users/lsk/nvc-repo/sgd_rlvr_reproduce/checkpoints/paperD_rl160/pd8b-ctrl-random040-s43-rl160/manifests/checkpoint_rlstep080.sha256,62e0bbb44fcf7091454a7af90b531b990666f736e11e59bf15e9f86f1db183e6,80993,True,True
pd8b-ctrl-random040-s43-rl160,checkpoint_manifest,120,/volume/posttrain/users/lsk/nvc-repo/sgd_rlvr_reproduce/checkpoints/paperD_rl160/pd8b-ctrl-random040-s43-rl160/manifests/checkpoint_rlstep120.sha256,e1f5167b38faf74950242fe31c7ef8ed38bc07d4a20846be0fcf3641079bc22c,77387,True,True
pd8b-ctrl-random040-s43-rl160,checkpoint_manifest,160,/volume/posttrain/users/lsk/nvc-repo/sgd_rlvr_reproduce/checkpoints/paperD_rl160/pd8b-ctrl-random040-s43-rl160/manifests/checkpoint_rlstep160.sha256,df7e3cfebca28ac936e63ef09297bf24a9a79e034aefcc089263487303a64fc0,68820,True,True
pd8b-ctrl-random040-s43-rl160,resolved_config,,/volume/posttrain/users/lsk/nvc-repo/sgd_rlvr_reproduce/checkpoints/paperD_rl160/pd8b-ctrl-random040-s43-rl160/manifests/resolved_config.yaml,efefd5dc9d9c845ce0b0253fc8c73cbf0bcc5213bc641a45f06eb4710f1a6a35,76601,True,True
pd8b-ctrl-random040-s43-rl160,environment,,/volume/posttrain/users/lsk/nvc-repo/sgd_rlvr_reproduce/checkpoints/paperD_rl160/pd8b-ctrl-random040-s43-rl160/manifests/environment.json,a2de8bb1e72326c17168ec3709c19a77ad20ebfe2e119049b9e00e8c0809812c,42863,True,True
pd8b-ctrl-random040-s43-rl160,rollout_prompt_manifest,,/volume/posttrain/users/lsk/nvc-repo/sgd_rlvr_reproduce/checkpoints/paperD_rl160/pd8b-ctrl-random040-s43-rl160/manifests/rollout_prompt_ids.jsonl,abe7715c07a896ce078a43e0dff2e28d5d5d1c7dd8d6559065593496c0a683bf,24016564,True,True
pd8b-ctrl-random040-s44-rl160,train_log,,/volume/posttrain/users/lsk/nvc-repo/sgd_rlvr_reproduce/checkpoints/paperD_rl160/pd8b-ctrl-random040-s44-rl160/logs/train_rlstep000_160.jsonl,886eaeeab89efb1cad65ac775e3ce13628e62315aa61777a33c8aa7c50b58fa6,8047291,True,True
pd8b-ctrl-random040-s44-rl160,evaluation_log,40,/volume/posttrain/users/lsk/nvc-repo/sgd_rlvr_reproduce/checkpoints/paperD_rl160/pd8b-ctrl-random040-s44-rl160/logs/eval_rlstep040.jsonl,27fd4ebb7825dfb8b12f6baee3d6df2974e49c639ffa0b72782fb34696de464c,2400581,True,True
pd8b-ctrl-random040-s44-rl160,evaluation_log,80,/volume/posttrain/users/lsk/nvc-repo/sgd_rlvr_reproduce/checkpoints/paperD_rl160/pd8b-ctrl-random040-s44-rl160/logs/eval_rlstep080.jsonl,e49deef0de5949402ecb62e340c02097474a572e62138ec5f078435979d94e52,2445474,True,True
pd8b-ctrl-random040-s44-rl160,evaluation_log,120,/volume/posttrain/users/lsk/nvc-repo/sgd_rlvr_reproduce/checkpoints/paperD_rl160/pd8b-ctrl-random040-s44-rl160/logs/eval_rlstep120.jsonl,307b90cef6a4c3789aa92f66536c7e744fba1e513283d366958d8ecfb07ee30a,2433445,True,True
pd8b-ctrl-random040-s44-rl160,evaluation_log,160,/volume/posttrain/users/lsk/nvc-repo/sgd_rlvr_reproduce/checkpoints/paperD_rl160/pd8b-ctrl-random040-s44-rl160/logs/eval_rlstep160.jsonl,15da2542ea62acf79df38a6dbebf235b68ad06d3658c9e60953f6e52719b79aa,2403119,True,True
pd8b-ctrl-random040-s44-rl160,checkpoint_manifest,40,/volume/posttrain/users/lsk/nvc-repo/sgd_rlvr_reproduce/checkpoints/paperD_rl160/pd8b-ctrl-random040-s44-rl160/manifests/checkpoint_rlstep040.sha256,3e87cb110f0ba050b14c5e75e2abfb4b010ebaf21dced1363b6b6fd264cafaa7,70649,True,True
pd8b-ctrl-random040-s44-rl160,checkpoint_manifest,80,/volume/posttrain/users/lsk/nvc-repo/sgd_rlvr_reproduce/checkpoints/paperD_rl160/pd8b-ctrl-random040-s44-rl160/manifests/checkpoint_rlstep080.sha256,9afa33d5990ff4ab5885e8240919655d7e10c37c2b969cb56ff192b496d85d70,54287,True,True
pd8b-ctrl-random040-s44-rl160,checkpoint_manifest,120,/volume/posttrain/users/lsk/nvc-repo/sgd_rlvr_reproduce/checkpoints/paperD_rl160/pd8b-ctrl-random040-s44-rl160/manifests/checkpoint_rlstep120.sha256,9d49e519fe1dc33fe32ab65b06180460802787f9b55fc3d3b1014045856dc568,79435,True,True
pd8b-ctrl-random040-s44-rl160,checkpoint_manifest,160,/volume/posttrain/users/lsk/nvc-repo/sgd_rlvr_reproduce/checkpoints/paperD_rl160/pd8b-ctrl-random040-s44-rl160/manifests/checkpoint_rlstep160.sha256,c433f9d4679bc074eb1d6037680bcf46949e500bde2dc29324b43ae2e7d3203d,97635,True,True
pd8b-ctrl-random040-s44-rl160,resolved_config,,/volume/posttrain/users/lsk/nvc-repo/sgd_rlvr_reproduce/checkpoints/paperD_rl160/pd8b-ctrl-random040-s44-rl160/manifests/resolved_config.yaml,09d95cacd2dfd807b47630f1812816e32957f6c342ebdab09ac6a7d7301f70f3,80905,True,True
pd8b-ctrl-random040-s44-rl160,environment,,/volume/posttrain/users/lsk/nvc-repo/sgd_rlvr_reproduce/checkpoints/paperD_rl160/pd8b-ctrl-random040-s44-rl160/manifests/environment.json,4a481afd2c234bf01e2810b05c49ebcb043e9d74e53455356ec2ed56b2b7ec09,17540,True,True
pd8b-ctrl-random040-s44-rl160,rollout_prompt_manifest,,/volume/posttrain/users/lsk/nvc-repo/sgd_rlvr_reproduce/checkpoints/paperD_rl160/pd8b-ctrl-random040-s44-rl160/manifests/rollout_prompt_ids.jsonl,565110599e62f8eee61194863a1a680d08d2762672c237c69ddebd4cce5c719e,24035593,True,True
pd8b-ctrl-complement-s42-rl160,train_log,,/volume/posttrain/users/lsk/nvc-repo/sgd_rlvr_reproduce/checkpoints/paperD_rl160/pd8b-ctrl-complement-s42-rl160/logs/train_rlstep000_160.jsonl,adcb2351b922fddbe337219ccda8ac7bf962fae967465dba2c43ba1a0f0f4a67,8039865,True,True
pd8b-ctrl-complement-s42-rl160,evaluation_log,40,/volume/posttrain/users/lsk/nvc-repo/sgd_rlvr_reproduce/checkpoints/paperD_rl160/pd8b-ctrl-complement-s42-rl160/logs/eval_rlstep040.jsonl,cb2f1817a8599ff8e37fdccddfd6f95c60a04dbd8ba0223001c22255dde2cb0f,2440790,True,True
pd8b-ctrl-complement-s42-rl160,evaluation_log,80,/volume/posttrain/users/lsk/nvc-repo/sgd_rlvr_reproduce/checkpoints/paperD_rl160/pd8b-ctrl-complement-s42-rl160/logs/eval_rlstep080.jsonl,751b4cdd7152ea61b7e1a03a929372676d182649a29e4ed138d7edb32efce398,2416922,True,True
pd8b-ctrl-complement-s42-rl160,evaluation_log,120,/volume/posttrain/users/lsk/nvc-repo/sgd_rlvr_reproduce/checkpoints/paperD_rl160/pd8b-ctrl-complement-s42-rl160/logs/eval_rlstep120.jsonl,475e629e9c4e9c9048904324aadc4262d8dc642ef49452a87072e5b2bf2f2b49,2447304,True,True
pd8b-ctrl-complement-s42-rl160,evaluation_log,160,/volume/posttrain/users/lsk/nvc-repo/sgd_rlvr_reproduce/checkpoints/paperD_rl160/pd8b-ctrl-complement-s42-rl160/logs/eval_rlstep160.jsonl,16f324c7604e165b30e3b917c5f890ebef835ba5b3913b56dbfcdedfbe7df9f4,2418953,True,True
pd8b-ctrl-complement-s42-rl160,checkpoint_manifest,40,/volume/posttrain/users/lsk/nvc-repo/sgd_rlvr_reproduce/checkpoints/paperD_rl160/pd8b-ctrl-complement-s42-rl160/manifests/checkpoint_rlstep040.sha256,3d59bb6ab242862a9b410ec452ddf4a8567a7abd75fa74a8805a04041414577e,58776,True,True
pd8b-ctrl-complement-s42-rl160,checkpoint_manifest,80,/volume/posttrain/users/lsk/nvc-repo/sgd_rlvr_reproduce/checkpoints/paperD_rl160/pd8b-ctrl-complement-s42-rl160/manifests/checkpoint_rlstep080.sha256,3232bd1ff4a169034fe1e846b6301dd195ceb934187b4376685976f728cf435a,65010,True,True
pd8b-ctrl-complement-s42-rl160,checkpoint_manifest,120,/volume/posttrain/users/lsk/nvc-repo/sgd_rlvr_reproduce/checkpoints/paperD_rl160/pd8b-ctrl-complement-s42-rl160/manifests/checkpoint_rlstep120.sha256,7e96a0b48c5b05231ddffbe8f5ce1dd5000c8a428004c3a33b3411ae39c1e692,67390,True,True
pd8b-ctrl-complement-s42-rl160,checkpoint_manifest,160,/volume/posttrain/users/lsk/nvc-repo/sgd_rlvr_reproduce/checkpoints/paperD_rl160/pd8b-ctrl-complement-s42-rl160/manifests/checkpoint_rlstep160.sha256,c94d0ab8359c286d6306a2adf1f6bc8be988420d6a6bf891fc1545b6ae83e75f,49035,True,True
pd8b-ctrl-complement-s42-rl160,resolved_config,,/volume/posttrain/users/lsk/nvc-repo/sgd_rlvr_reproduce/checkpoints/paperD_rl160/pd8b-ctrl-complement-s42-rl160/manifests/resolved_config.yaml,a3367399e2751e8ea9df8ec6788b9bc4dea79d8f4c0e944cb7d57d236caad7bb,77244,True,True
pd8b-ctrl-complement-s42-rl160,environment,,/volume/posttrain/users/lsk/nvc-repo/sgd_rlvr_reproduce/checkpoints/paperD_rl160/pd8b-ctrl-complement-s42-rl160/manifests/environment.json,94115776f645e69730f6dc12716eda65fdb5a7fc4bfc235c35c1e8cc6ea6b4c3,59528,True,True
pd8b-ctrl-complement-s42-rl160,rollout_prompt_manifest,,/volume/posttrain/users/lsk/nvc-repo/sgd_rlvr_reproduce/checkpoints/paperD_rl160/pd8b-ctrl-complement-s42-rl160/manifests/rollout_prompt_ids.jsonl,806ecc808f131cc91facc6749e32ad10ff2a384caa6ed7e14c6e42a63ff1b069,24025781,True,True
pd8b-ctrl-complement-s43-rl160,train_log,,/volume/posttrain/users/lsk/nvc-repo/sgd_rlvr_reproduce/checkpoints/paperD_rl160/pd8b-ctrl-complement-s43-rl160/logs/train_rlstep000_160.jsonl,09c2ab84e708e7a7222f8e771295fa9118daa88950f30d03e3dce5ae9515352e,8042451,True,True
pd8b-ctrl-complement-s43-rl160,evaluation_log,40,/volume/posttrain/users/lsk/nvc-repo/sgd_rlvr_reproduce/checkpoints/paperD_rl160/pd8b-ctrl-complement-s43-rl160/logs/eval_rlstep040.jsonl,b85d9207f68c9f237daf446a09342c21d4924fd8304ae2e6f7c92a6ab27262ad,2402757,True,True
pd8b-ctrl-complement-s43-rl160,evaluation_log,80,/volume/posttrain/users/lsk/nvc-repo/sgd_rlvr_reproduce/checkpoints/paperD_rl160/pd8b-ctrl-complement-s43-rl160/logs/eval_rlstep080.jsonl,12b103e7cd16af2912eef21f0611a9ff9e45772c1f919b59e0e7a26b8797fb31,2435701,True,True
pd8b-ctrl-complement-s43-rl160,evaluation_log,120,/volume/posttrain/users/lsk/nvc-repo/sgd_rlvr_reproduce/checkpoints/paperD_rl160/pd8b-ctrl-complement-s43-rl160/logs/eval_rlstep120.jsonl,55c62e64c311521307f5ce998d7ef97ceb81e00027498cef7378c0f995466103,2433456,True,True
pd8b-ctrl-complement-s43-rl160,evaluation_log,160,/volume/posttrain/users/lsk/nvc-repo/sgd_rlvr_reproduce/checkpoints/paperD_rl160/pd8b-ctrl-complement-s43-rl160/logs/eval_rlstep160.jsonl,4c09721795f898f376ef5ffffa0e070ebf23f5d0418e06cf6844d205776c6bc3,2421338,True,True
pd8b-ctrl-complement-s43-rl160,checkpoint_manifest,40,/volume/posttrain/users/lsk/nvc-repo/sgd_rlvr_reproduce/checkpoints/paperD_rl160/pd8b-ctrl-complement-s43-rl160/manifests/checkpoint_rlstep040.sha256,b483076a6c2730cec5b49aeb7c4ddb3238a9ac693b294db9b116405876c7af34,63257,True,True
pd8b-ctrl-complement-s43-rl160,checkpoint_manifest,80,/volume/posttrain/users/lsk/nvc-repo/sgd_rlvr_reproduce/checkpoints/paperD_rl160/pd8b-ctrl-complement-s43-rl160/manifests/checkpoint_rlstep080.sha256,8b4f4d582b02d9c15e77a80233bcf37ca085411575e60d438963362baeab013a,84422,True,True
pd8b-ctrl-complement-s43-rl160,checkpoint_manifest,120,/volume/posttrain/users/lsk/nvc-repo/sgd_rlvr_reproduce/checkpoints/paperD_rl160/pd8b-ctrl-complement-s43-rl160/manifests/checkpoint_rlstep120.sha256,0c8d63794b5e7ca023911759897e7387962243d8be900a99133b0bc3952ab580,70669,True,True
pd8b-ctrl-complement-s43-rl160,checkpoint_manifest,160,/volume/posttrain/users/lsk/nvc-repo/sgd_rlvr_reproduce/checkpoints/paperD_rl160/pd8b-ctrl-complement-s43-rl160/manifests/checkpoint_rlstep160.sha256,1bdabd995f962fc0dda69a204a29c9dd1774bc62802b0fa6ca69ae745bb3d5b2,59867,True,True
pd8b-ctrl-complement-s43-rl160,resolved_config,,/volume/posttrain/users/lsk/nvc-repo/sgd_rlvr_reproduce/checkpoints/paperD_rl160/pd8b-ctrl-complement-s43-rl160/manifests/resolved_config.yaml,e9c3544c420e3ee1f4060e0fc5e0911bf42511a966293b888837094741b4aba7,40236,True,True
pd8b-ctrl-complement-s43-rl160,environment,,/volume/posttrain/users/lsk/nvc-repo/sgd_rlvr_reproduce/checkpoints/paperD_rl160/pd8b-ctrl-complement-s43-rl160/manifests/environment.json,4074826b4213961cfec2d3f988e67d2799bf9c773c1fcb3799b95c1837eccf19,53422,True,True
pd8b-ctrl-complement-s43-rl160,rollout_prompt_manifest,,/volume/posttrain/users/lsk/nvc-repo/sgd_rlvr_reproduce/checkpoints/paperD_rl160/pd8b-ctrl-complement-s43-rl160/manifests/rollout_prompt_ids.jsonl,a5b51cd75656990050dce628ff0182aa58bdfd3530a8653f55e718f182b8c00d,24016466,True,True
pd8b-ctrl-complement-s44-rl160,train_log,,/volume/posttrain/users/lsk/nvc-repo/sgd_rlvr_reproduce/checkpoints/paperD_rl160/pd8b-ctrl-complement-s44-rl160/logs/train_rlstep000_160.jsonl,95b0e7ada6e69f10568cbe9d597a40f8ffee488297e889647d5d054273b703a7,8041629,True,True
pd8b-ctrl-complement-s44-rl160,evaluation_log,40,/volume/posttrain/users/lsk/nvc-repo/sgd_rlvr_reproduce/checkpoints/paperD_rl160/pd8b-ctrl-complement-s44-rl160/logs/eval_rlstep040.jsonl,057006e3eb8f28b210acdf48a6ee973d821158cb2c648b6d6301723c2a0aec71,2419664,True,True
pd8b-ctrl-complement-s44-rl160,evaluation_log,80,/volume/posttrain/users/lsk/nvc-repo/sgd_rlvr_reproduce/checkpoints/paperD_rl160/pd8b-ctrl-complement-s44-rl160/logs/eval_rlstep080.jsonl,0929c75ffba98b89f3da95e7388ac849052f901404c61360378e0a420b5cf118,2427333,True,True
pd8b-ctrl-complement-s44-rl160,evaluation_log,120,/volume/posttrain/users/lsk/nvc-repo/sgd_rlvr_reproduce/checkpoints/paperD_rl160/pd8b-ctrl-complement-s44-rl160/logs/eval_rlstep120.jsonl,f238065906853d1f50fae643885a9229518eb579f0856e757a8975401e3265ce,2407969,True,True
pd8b-ctrl-complement-s44-rl160,evaluation_log,160,/volume/posttrain/users/lsk/nvc-repo/sgd_rlvr_reproduce/checkpoints/paperD_rl160/pd8b-ctrl-complement-s44-rl160/logs/eval_rlstep160.jsonl,d49f067179ae859ec85c38ed3b2a6187c284675ac60e5ee5267abcdc38a8c802,2410210,True,True
pd8b-ctrl-complement-s44-rl160,checkpoint_manifest,40,/volume/posttrain/users/lsk/nvc-repo/sgd_rlvr_reproduce/checkpoints/paperD_rl160/pd8b-ctrl-complement-s44-rl160/manifests/checkpoint_rlstep040.sha256,e956bc86fb1412c267e880710034cbcd146a84a5598f9eeeff1bb0e37e6270b8,61792,True,True
pd8b-ctrl-complement-s44-rl160,checkpoint_manifest,80,/volume/posttrain/users/lsk/nvc-repo/sgd_rlvr_reproduce/checkpoints/paperD_rl160/pd8b-ctrl-complement-s44-rl160/manifests/checkpoint_rlstep080.sha256,c91f88637ffbbe073f848d43bbe50e75a95e59a1e8eeaa05e94ae7169b0d28d7,95096,True,True
pd8b-ctrl-complement-s44-rl160,checkpoint_manifest,120,/volume/posttrain/users/lsk/nvc-repo/sgd_rlvr_reproduce/checkpoints/paperD_rl160/pd8b-ctrl-complement-s44-rl160/manifests/checkpoint_rlstep120.sha256,28a3da9e62a107101e9e0ed7fd7d7ad2fe507be14318b240b804cfb8c3ebc7ec,61218,True,True
pd8b-ctrl-complement-s44-rl160,checkpoint_manifest,160,/volume/posttrain/users/lsk/nvc-repo/sgd_rlvr_reproduce/checkpoints/paperD_rl160/pd8b-ctrl-complement-s44-rl160/manifests/checkpoint_rlstep160.sha256,f3133f145c08e03c797efdef1c394c3e6e0d6b53397caa6e5e59dd6b5860311e,74427,True,True
pd8b-ctrl-complement-s44-rl160,resolved_config,,/volume/posttrain/users/lsk/nvc-repo/sgd_rlvr_reproduce/checkpoints/paperD_rl160/pd8b-ctrl-complement-s44-rl160/manifests/resolved_config.yaml,fd1484d771c76115c5d3588262860c30e904d18979ac53df93e208ba41c81dc0,44759,True,True
pd8b-ctrl-complement-s44-rl160,environment,,/volume/posttrain/users/lsk/nvc-repo/sgd_rlvr_reproduce/checkpoints/paperD_rl160/pd8b-ctrl-complement-s44-rl160/manifests/environment.json,101cb01bdc47dd090f10f16598f225b0453161fc2f9e6162cb72c410cf707c70,24849,True,True
pd8b-ctrl-complement-s44-rl160,rollout_prompt_manifest,,/volume/posttrain/users/lsk/nvc-repo/sgd_rlvr_reproduce/checkpoints/paperD_rl160/pd8b-ctrl-complement-s44-rl160/manifests/rollout_prompt_ids.jsonl,08e6ed6247c4efbe52987ed3a4dabce3806ad45e6ab316c60ba6f4efaae11af8,24020911,True,True
pd8b-dapo-dense-s42-rl160,train_log,,/volume/posttrain/users/lsk/nvc-repo/sgd_rlvr_reproduce/checkpoints/paperD_rl160/pd8b-dapo-dense-s42-rl160/logs/train_rlstep000_160.jsonl,e402628f8981b6225a2dfaae1317cbed17d50314207ac59623e33e7e7d223780,8008712,True,True
pd8b-dapo-dense-s42-rl160,evaluation_log,40,/volume/posttrain/users/lsk/nvc-repo/sgd_rlvr_reproduce/checkpoints/paperD_rl160/pd8b-dapo-dense-s42-rl160/logs/eval_rlstep040.jsonl,3106fafed5f8567c6a03e69747f75dcd07c5df5dbc8becf89ef34ab236ff7d68,2432034,True,True
pd8b-dapo-dense-s42-rl160,evaluation_log,80,/volume/posttrain/users/lsk/nvc-repo/sgd_rlvr_reproduce/checkpoints/paperD_rl160/pd8b-dapo-dense-s42-rl160/logs/eval_rlstep080.jsonl,fc8898430f0f350f244de91cb81365ac01d47b6678acd6e5da33f00cdd1fd870,2406944,True,True
pd8b-dapo-dense-s42-rl160,evaluation_log,120,/volume/posttrain/users/lsk/nvc-repo/sgd_rlvr_reproduce/checkpoints/paperD_rl160/pd8b-dapo-dense-s42-rl160/logs/eval_rlstep120.jsonl,d1c0b0ac3731fbff8a6560a037d4d35a5952f6d648041636adf156eba0b1abf0,2400384,True,True
pd8b-dapo-dense-s42-rl160,evaluation_log,160,/volume/posttrain/users/lsk/nvc-repo/sgd_rlvr_reproduce/checkpoints/paperD_rl160/pd8b-dapo-dense-s42-rl160/logs/eval_rlstep160.jsonl,a4eab41ddb69e5476576df15c6236ec07571b2320cbff341dbe09b2eda2ee2a1,2419315,True,True
pd8b-dapo-dense-s42-rl160,checkpoint_manifest,40,/volume/posttrain/users/lsk/nvc-repo/sgd_rlvr_reproduce/checkpoints/paperD_rl160/pd8b-dapo-dense-s42-rl160/manifests/checkpoint_rlstep040.sha256,8e4b5cf41d30edd848bd3c8d522bd23863c04cc70a25701530638bf2a1655bcd,96906,True,True
pd8b-dapo-dense-s42-rl160,checkpoint_manifest,80,/volume/posttrain/users/lsk/nvc-repo/sgd_rlvr_reproduce/checkpoints/paperD_rl160/pd8b-dapo-dense-s42-rl160/manifests/checkpoint_rlstep080.sha256,dad9460de6d2b08d194a88b927f654b2827b9c7d37380effb63bb3da8a16dcf9,80693,True,True
pd8b-dapo-dense-s42-rl160,checkpoint_manifest,120,/volume/posttrain/users/lsk/nvc-repo/sgd_rlvr_reproduce/checkpoints/paperD_rl160/pd8b-dapo-dense-s42-rl160/manifests/checkpoint_rlstep120.sha256,e9fb7dea89e95d38f3801e8c54d8148a63c9cad09bfebab844242300ac6ad68e,89780,True,True
pd8b-dapo-dense-s42-rl160,checkpoint_manifest,160,/volume/posttrain/users/lsk/nvc-repo/sgd_rlvr_reproduce/checkpoints/paperD_rl160/pd8b-dapo-dense-s42-rl160/manifests/checkpoint_rlstep160.sha256,74ed5537defad76b0b90e6fd3366f5a5346de4cd9fe77d4e2e193d9aa32a0444,50716,True,True
pd8b-dapo-dense-s42-rl160,resolved_config,,/volume/posttrain/users/lsk/nvc-repo/sgd_rlvr_reproduce/checkpoints/paperD_rl160/pd8b-dapo-dense-s42-rl160/manifests/resolved_config.yaml,08cb4eb322fe7c559dccd56b09144816c58290cddd9e3755448415fd8a761205,36354,True,True
pd8b-dapo-dense-s42-rl160,environment,,/volume/posttrain/users/lsk/nvc-repo/sgd_rlvr_reproduce/checkpoints/paperD_rl160/pd8b-dapo-dense-s42-rl160/manifests/environment.json,51ff0167476813698abbea5573266220e19e88dab733f53562cf80578b7f9956,56093,True,True
pd8b-dapo-dense-s42-rl160,rollout_prompt_manifest,,/volume/posttrain/users/lsk/nvc-repo/sgd_rlvr_reproduce/checkpoints/paperD_rl160/pd8b-dapo-dense-s42-rl160/manifests/rollout_prompt_ids.jsonl,2b9603e7155080d46ab9599f0c11dd5bc7303c680b1447f7ac8765574039d28a,24003631,True,True
pd8b-dapo-dense-s43-rl160,train_log,,/volume/posttrain/users/lsk/nvc-repo/sgd_rlvr_reproduce/checkpoints/paperD_rl160/pd8b-dapo-dense-s43-rl160/logs/train_rlstep000_160.jsonl,c3831182ee677fc92c0b0d58563bfed1cc4a1fb6213a22569e1bc50ca951864b,8022119,True,True
pd8b-dapo-dense-s43-rl160,evaluation_log,40,/volume/posttrain/users/lsk/nvc-repo/sgd_rlvr_reproduce/checkpoints/paperD_rl160/pd8b-dapo-dense-s43-rl160/logs/eval_rlstep040.jsonl,b538fafbac99c48224e65a2ade72fab0db2d5061348362517b41856acdd94806,2443333,True,True
pd8b-dapo-dense-s43-rl160,evaluation_log,80,/volume/posttrain/users/lsk/nvc-repo/sgd_rlvr_reproduce/checkpoints/paperD_rl160/pd8b-dapo-dense-s43-rl160/logs/eval_rlstep080.jsonl,68cfdd646bc92001608124466437f9eefea4847d485474bc48ab3376d6dff23d,2445611,True,True
pd8b-dapo-dense-s43-rl160,evaluation_log,120,/volume/posttrain/users/lsk/nvc-repo/sgd_rlvr_reproduce/checkpoints/paperD_rl160/pd8b-dapo-dense-s43-rl160/logs/eval_rlstep120.jsonl,070b5e02116050b7848248a10ef1c8b9a305d73de20e424575a9d5d6817e2d51,2420369,True,True
pd8b-dapo-dense-s43-rl160,evaluation_log,160,/volume/posttrain/users/lsk/nvc-repo/sgd_rlvr_reproduce/checkpoints/paperD_rl160/pd8b-dapo-dense-s43-rl160/logs/eval_rlstep160.jsonl,c4b3ca2f95ea6291a0596e4f60d691bead536af354726e2c4938629eeb0798cd,2414011,True,True
pd8b-dapo-dense-s43-rl160,checkpoint_manifest,40,/volume/posttrain/users/lsk/nvc-repo/sgd_rlvr_reproduce/checkpoints/paperD_rl160/pd8b-dapo-dense-s43-rl160/manifests/checkpoint_rlstep040.sha256,e7af96b9172f7e5e5804068632a5ca36d806f84a78af7b77b172700dae19ce34,96889,True,True
pd8b-dapo-dense-s43-rl160,checkpoint_manifest,80,/volume/posttrain/users/lsk/nvc-repo/sgd_rlvr_reproduce/checkpoints/paperD_rl160/pd8b-dapo-dense-s43-rl160/manifests/checkpoint_rlstep080.sha256,3ad9fdfee2ad52b746e42fb21c62ff05de6e7cd8a29d24a554c281b78933b2de,95212,True,True
pd8b-dapo-dense-s43-rl160,checkpoint_manifest,120,/volume/posttrain/users/lsk/nvc-repo/sgd_rlvr_reproduce/checkpoints/paperD_rl160/pd8b-dapo-dense-s43-rl160/manifests/checkpoint_rlstep120.sha256,acdb3743e086aed7d29a241d294ea3403a95b2c7ee687c40696a1c0b11377ad2,92023,True,True
pd8b-dapo-dense-s43-rl160,checkpoint_manifest,160,/volume/posttrain/users/lsk/nvc-repo/sgd_rlvr_reproduce/checkpoints/paperD_rl160/pd8b-dapo-dense-s43-rl160/manifests/checkpoint_rlstep160.sha256,2582d20ac5d13109d753bbc9faca7ff092874bd5a6b93bc7827019504781ce19,59408,True,True
pd8b-dapo-dense-s43-rl160,resolved_config,,/volume/posttrain/users/lsk/nvc-repo/sgd_rlvr_reproduce/checkpoints/paperD_rl160/pd8b-dapo-dense-s43-rl160/manifests/resolved_config.yaml,10ff2f5b17923212ffa966e49866686028192e15a16e92c772e4602757f6e5dd,73850,True,True
pd8b-dapo-dense-s43-rl160,environment,,/volume/posttrain/users/lsk/nvc-repo/sgd_rlvr_reproduce/checkpoints/paperD_rl160/pd8b-dapo-dense-s43-rl160/manifests/environment.json,5db61746aad58001998247be58f15a10e930ecbbbb37417f96dd5c8972f38bad,52013,True,True
pd8b-dapo-dense-s43-rl160,rollout_prompt_manifest,,/volume/posttrain/users/lsk/nvc-repo/sgd_rlvr_reproduce/checkpoints/paperD_rl160/pd8b-dapo-dense-s43-rl160/manifests/rollout_prompt_ids.jsonl,e774e4a995ab9f96eee677a0e9f4dcd79b57368658c232d4795b55ac0842e805,24006187,True,True
pd8b-dapo-dense-s44-rl160,train_log,,/volume/posttrain/users/lsk/nvc-repo/sgd_rlvr_reproduce/checkpoints/paperD_rl160/pd8b-dapo-dense-s44-rl160/logs/train_rlstep000_160.jsonl,dfa1ba713cc8f0d001c3b3bc4a06c16ef3bde9f32f1e6cf0eb37161683e12d92,8014208,True,True
pd8b-dapo-dense-s44-rl160,evaluation_log,40,/volume/posttrain/users/lsk/nvc-repo/sgd_rlvr_reproduce/checkpoints/paperD_rl160/pd8b-dapo-dense-s44-rl160/logs/eval_rlstep040.jsonl,265bf57f2f284aa71214c56bc5034bb2fba3b98a23eed3fb2c92b172758c798b,2426456,True,True
pd8b-dapo-dense-s44-rl160,evaluation_log,80,/volume/posttrain/users/lsk/nvc-repo/sgd_rlvr_reproduce/checkpoints/paperD_rl160/pd8b-dapo-dense-s44-rl160/logs/eval_rlstep080.jsonl,805f55493eba193f6c7c754310c25998cc19d25cbe5dea57478c692cbe6e7752,2400144,True,True
pd8b-dapo-dense-s44-rl160,evaluation_log,120,/volume/posttrain/users/lsk/nvc-repo/sgd_rlvr_reproduce/checkpoints/paperD_rl160/pd8b-dapo-dense-s44-rl160/logs/eval_rlstep120.jsonl,93a563d06b4421788074491c3e5b70f621cc384762b6923cccdf2a18758df990,2403512,True,True
pd8b-dapo-dense-s44-rl160,evaluation_log,160,/volume/posttrain/users/lsk/nvc-repo/sgd_rlvr_reproduce/checkpoints/paperD_rl160/pd8b-dapo-dense-s44-rl160/logs/eval_rlstep160.jsonl,9c1bb4287c9eb36fda3bb639b56f912518466949683394d6012be504279980f0,2414736,True,True
pd8b-dapo-dense-s44-rl160,checkpoint_manifest,40,/volume/posttrain/users/lsk/nvc-repo/sgd_rlvr_reproduce/checkpoints/paperD_rl160/pd8b-dapo-dense-s44-rl160/manifests/checkpoint_rlstep040.sha256,d27a0be618c0931706a75c761e6d0955b4ee87fb73f3a379d9f57e9e74d572b0,49915,True,True
pd8b-dapo-dense-s44-rl160,checkpoint_manifest,80,/volume/posttrain/users/lsk/nvc-repo/sgd_rlvr_reproduce/checkpoints/paperD_rl160/pd8b-dapo-dense-s44-rl160/manifests/checkpoint_rlstep080.sha256,3e54b62eb7fe1d686ad009ba9d78f5564b65767f140bcbb8cdaeefd3825d0c96,49709,True,True
pd8b-dapo-dense-s44-rl160,checkpoint_manifest,120,/volume/posttrain/users/lsk/nvc-repo/sgd_rlvr_reproduce/checkpoints/paperD_rl160/pd8b-dapo-dense-s44-rl160/manifests/checkpoint_rlstep120.sha256,177f40ae27729b576ceddbb01057cad67f0e7e33daf84f3ad72954857f34f0b6,80331,True,True
pd8b-dapo-dense-s44-rl160,checkpoint_manifest,160,/volume/posttrain/users/lsk/nvc-repo/sgd_rlvr_reproduce/checkpoints/paperD_rl160/pd8b-dapo-dense-s44-rl160/manifests/checkpoint_rlstep160.sha256,6e4384a914f60027b24af34859177777c0552327da44519004db00fde10c874c,89760,True,True
pd8b-dapo-dense-s44-rl160,resolved_config,,/volume/posttrain/users/lsk/nvc-repo/sgd_rlvr_reproduce/checkpoints/paperD_rl160/pd8b-dapo-dense-s44-rl160/manifests/resolved_config.yaml,b10acdc2a6ee4df5d12902ff2281ce7034d8a231ed49807c4064d4daeae120b6,61317,True,True
pd8b-dapo-dense-s44-rl160,environment,,/volume/posttrain/users/lsk/nvc-repo/sgd_rlvr_reproduce/checkpoints/paperD_rl160/pd8b-dapo-dense-s44-rl160/manifests/environment.json,49ff6e04709a85ac0c75cb6d83d511e5a44e8ff4583a6c812f57df2103111a1e,41414,True,True
pd8b-dapo-dense-s44-rl160,rollout_prompt_manifest,,/volume/posttrain/users/lsk/nvc-repo/sgd_rlvr_reproduce/checkpoints/paperD_rl160/pd8b-dapo-dense-s44-rl160/manifests/rollout_prompt_ids.jsonl,24da2a07e9b6bb360e7b5c5e2199f695cf5b6d0e255a03b1c3c7f4028996d537,24049229,True,True
pd8b-dapo-recipe-s42-rl160,train_log,,/volume/posttrain/users/lsk/nvc-repo/sgd_rlvr_reproduce/checkpoints/paperD_rl160/pd8b-dapo-recipe-s42-rl160/logs/train_rlstep000_160.jsonl,2c07d523b7277b7f652e3beaa855fc0c05cb8f9d546eb7639b9accac1df1554b,8046541,True,True
pd8b-dapo-recipe-s42-rl160,evaluation_log,40,/volume/posttrain/users/lsk/nvc-repo/sgd_rlvr_reproduce/checkpoints/paperD_rl160/pd8b-dapo-recipe-s42-rl160/logs/eval_rlstep040.jsonl,2bb37aa7e3ebc4c056c119dd89e6c8174588f4a002883ffa2c59caa35ffda571,2427735,True,True
pd8b-dapo-recipe-s42-rl160,evaluation_log,80,/volume/posttrain/users/lsk/nvc-repo/sgd_rlvr_reproduce/checkpoints/paperD_rl160/pd8b-dapo-recipe-s42-rl160/logs/eval_rlstep080.jsonl,c15577c12cb1a3266cc6b26601c65864cdff3695a2acc646824da45e850b59c1,2432459,True,True
pd8b-dapo-recipe-s42-rl160,evaluation_log,120,/volume/posttrain/users/lsk/nvc-repo/sgd_rlvr_reproduce/checkpoints/paperD_rl160/pd8b-dapo-recipe-s42-rl160/logs/eval_rlstep120.jsonl,09de4711b5ab10966da573cde1bac48a30f482106697433a4c409627789dd762,2404687,True,True
pd8b-dapo-recipe-s42-rl160,evaluation_log,160,/volume/posttrain/users/lsk/nvc-repo/sgd_rlvr_reproduce/checkpoints/paperD_rl160/pd8b-dapo-recipe-s42-rl160/logs/eval_rlstep160.jsonl,c4b14bc4203780ad63ce2ab97027b0aa18f94216fc11987ba068d44de7a27d11,2406180,True,True
pd8b-dapo-recipe-s42-rl160,checkpoint_manifest,40,/volume/posttrain/users/lsk/nvc-repo/sgd_rlvr_reproduce/checkpoints/paperD_rl160/pd8b-dapo-recipe-s42-rl160/manifests/checkpoint_rlstep040.sha256,27b1bf9894536c99fd3caddaefaed0e6daf0e893fcbf93183512ec1b8e076661,52434,True,True
pd8b-dapo-recipe-s42-rl160,checkpoint_manifest,80,/volume/posttrain/users/lsk/nvc-repo/sgd_rlvr_reproduce/checkpoints/paperD_rl160/pd8b-dapo-recipe-s42-rl160/manifests/checkpoint_rlstep080.sha256,fee11fcaa76679d2ae589ddd9c1b160cfc02f26dbfc7fd3195153989c6bf491d,71486,True,True
pd8b-dapo-recipe-s42-rl160,checkpoint_manifest,120,/volume/posttrain/users/lsk/nvc-repo/sgd_rlvr_reproduce/checkpoints/paperD_rl160/pd8b-dapo-recipe-s42-rl160/manifests/checkpoint_rlstep120.sha256,04b70b1faa4dc10fcdfab2879627d7202ecc89a94eaa570576a9ba24b9db0a71,97474,True,True
pd8b-dapo-recipe-s42-rl160,checkpoint_manifest,160,/volume/posttrain/users/lsk/nvc-repo/sgd_rlvr_reproduce/checkpoints/paperD_rl160/pd8b-dapo-recipe-s42-rl160/manifests/checkpoint_rlstep160.sha256,c69784b9c67f7856698ef1b4a440c6f5cadddc071eae74bb7d33a1219dbc364f,68195,True,True
pd8b-dapo-recipe-s42-rl160,resolved_config,,/volume/posttrain/users/lsk/nvc-repo/sgd_rlvr_reproduce/checkpoints/paperD_rl160/pd8b-dapo-recipe-s42-rl160/manifests/resolved_config.yaml,41357ad443a7b0dd2b67d107c9a2f2c589bae234ec8be57ec9497737933bbbaf,36564,True,True
pd8b-dapo-recipe-s42-rl160,environment,,/volume/posttrain/users/lsk/nvc-repo/sgd_rlvr_reproduce/checkpoints/paperD_rl160/pd8b-dapo-recipe-s42-rl160/manifests/environment.json,0be26df08f1d1e6509fa75b6414285cf48e80cdc5349d63a9ad69d09b99f7329,57955,True,True
pd8b-dapo-recipe-s42-rl160,rollout_prompt_manifest,,/volume/posttrain/users/lsk/nvc-repo/sgd_rlvr_reproduce/checkpoints/paperD_rl160/pd8b-dapo-recipe-s42-rl160/manifests/rollout_prompt_ids.jsonl,67142ff61f494464b72c02d2e3ece04e6040813d600b3b7dedd0d4304fb29a98,24043011,True,True
pd8b-dapo-recipe-s43-rl160,train_log,,/volume/posttrain/users/lsk/nvc-repo/sgd_rlvr_reproduce/checkpoints/paperD_rl160/pd8b-dapo-recipe-s43-rl160/logs/train_rlstep000_160.jsonl,ef74151e9ef6e27598a1e1ae0d9e9added34c032575105daf3fe58bb6fa040ce,8001506,True,True
pd8b-dapo-recipe-s43-rl160,evaluation_log,40,/volume/posttrain/users/lsk/nvc-repo/sgd_rlvr_reproduce/checkpoints/paperD_rl160/pd8b-dapo-recipe-s43-rl160/logs/eval_rlstep040.jsonl,bf58eccd98230b0e9de1ed781eefe424cb3a45396b7ba2999e1fe3c9a4f287ea,2442334,True,True
pd8b-dapo-recipe-s43-rl160,evaluation_log,80,/volume/posttrain/users/lsk/nvc-repo/sgd_rlvr_reproduce/checkpoints/paperD_rl160/pd8b-dapo-recipe-s43-rl160/logs/eval_rlstep080.jsonl,b313f74cf78d93f919f3656278ffea59723365852915b7abfa83e06c3f38ce27,2414866,True,True
pd8b-dapo-recipe-s43-rl160,evaluation_log,120,/volume/posttrain/users/lsk/nvc-repo/sgd_rlvr_reproduce/checkpoints/paperD_rl160/pd8b-dapo-recipe-s43-rl160/logs/eval_rlstep120.jsonl,28183149c24efdbcf2e562fc4c6324b5b5368ff6dd032b3bd9d1a78ea6d2f050,2406046,True,True
pd8b-dapo-recipe-s43-rl160,evaluation_log,160,/volume/posttrain/users/lsk/nvc-repo/sgd_rlvr_reproduce/checkpoints/paperD_rl160/pd8b-dapo-recipe-s43-rl160/logs/eval_rlstep160.jsonl,d2ea5e113562e97b159eae312acf0b6d9b4231992318742e1cb405271e1eabe5,2429300,True,True
pd8b-dapo-recipe-s43-rl160,checkpoint_manifest,40,/volume/posttrain/users/lsk/nvc-repo/sgd_rlvr_reproduce/checkpoints/paperD_rl160/pd8b-dapo-recipe-s43-rl160/manifests/checkpoint_rlstep040.sha256,8c351f555a49914838052c69247517dafe7fa58a47ec20a80fc944ecdc813cda,65061,True,True
pd8b-dapo-recipe-s43-rl160,checkpoint_manifest,80,/volume/posttrain/users/lsk/nvc-repo/sgd_rlvr_reproduce/checkpoints/paperD_rl160/pd8b-dapo-recipe-s43-rl160/manifests/checkpoint_rlstep080.sha256,b5ca2cdf047ec29c9e93761c2c18a6f91675f553fac454e73f05e6bbfb094ce0,75206,True,True
pd8b-dapo-recipe-s43-rl160,checkpoint_manifest,120,/volume/posttrain/users/lsk/nvc-repo/sgd_rlvr_reproduce/checkpoints/paperD_rl160/pd8b-dapo-recipe-s43-rl160/manifests/checkpoint_rlstep120.sha256,7f8813d1ba053da1a323efa7fa6cd9a5e541473303ed012f6e5a8233337bf410,81684,True,True
pd8b-dapo-recipe-s43-rl160,checkpoint_manifest,160,/volume/posttrain/users/lsk/nvc-repo/sgd_rlvr_reproduce/checkpoints/paperD_rl160/pd8b-dapo-recipe-s43-rl160/manifests/checkpoint_rlstep160.sha256,42d43d2a861679b5d2d30903378689645970ff4ab27d88d423b0f1388048a68b,93306,True,True
pd8b-dapo-recipe-s43-rl160,resolved_config,,/volume/posttrain/users/lsk/nvc-repo/sgd_rlvr_reproduce/checkpoints/paperD_rl160/pd8b-dapo-recipe-s43-rl160/manifests/resolved_config.yaml,a7c8a2eb64a6dfa3acb9c54b5c45e51b5dca0a4de87168b468dd0c1e1e3dfe9d,36431,True,True
pd8b-dapo-recipe-s43-rl160,environment,,/volume/posttrain/users/lsk/nvc-repo/sgd_rlvr_reproduce/checkpoints/paperD_rl160/pd8b-dapo-recipe-s43-rl160/manifests/environment.json,7664805d53fa60d124b3c1477a57827990dea7e4d7d0f3198131e1ab79c52209,22655,True,True
pd8b-dapo-recipe-s43-rl160,rollout_prompt_manifest,,/volume/posttrain/users/lsk/nvc-repo/sgd_rlvr_reproduce/checkpoints/paperD_rl160/pd8b-dapo-recipe-s43-rl160/manifests/rollout_prompt_ids.jsonl,abdc6ff6bd6edc80b9e701011cc28257d8579961f5d1b987f2184083c619e04e,24027930,True,True
pd8b-dapo-recipe-s44-rl160,train_log,,/volume/posttrain/users/lsk/nvc-repo/sgd_rlvr_reproduce/checkpoints/paperD_rl160/pd8b-dapo-recipe-s44-rl160/logs/train_rlstep000_160.jsonl,d99f31b2589be5281447e137934027f7b659364e0d57b1006fede223aa288f34,8032001,True,True
pd8b-dapo-recipe-s44-rl160,evaluation_log,40,/volume/posttrain/users/lsk/nvc-repo/sgd_rlvr_reproduce/checkpoints/paperD_rl160/pd8b-dapo-recipe-s44-rl160/logs/eval_rlstep040.jsonl,c1730e33bde4b277c8021d14cce86f985ee0f3b82837c77fa136218b4c555170,2431965,True,True
pd8b-dapo-recipe-s44-rl160,evaluation_log,80,/volume/posttrain/users/lsk/nvc-repo/sgd_rlvr_reproduce/checkpoints/paperD_rl160/pd8b-dapo-recipe-s44-rl160/logs/eval_rlstep080.jsonl,aac1994cdf22050752efecebd9aec361f75b2b720ad712fe02ab920292ed0e4d,2447376,True,True
pd8b-dapo-recipe-s44-rl160,evaluation_log,120,/volume/posttrain/users/lsk/nvc-repo/sgd_rlvr_reproduce/checkpoints/paperD_rl160/pd8b-dapo-recipe-s44-rl160/logs/eval_rlstep120.jsonl,aa47ecdeda5a721680b5c48f530076db1cdc32ed234d9d12a9762741906448a1,2443999,True,True
pd8b-dapo-recipe-s44-rl160,evaluation_log,160,/volume/posttrain/users/lsk/nvc-repo/sgd_rlvr_reproduce/checkpoints/paperD_rl160/pd8b-dapo-recipe-s44-rl160/logs/eval_rlstep160.jsonl,cca363df78bcaa13ecd6b7a95c8726d4be8b883fa5077feaeed3abe4739d76e1,2449233,True,True
pd8b-dapo-recipe-s44-rl160,checkpoint_manifest,40,/volume/posttrain/users/lsk/nvc-repo/sgd_rlvr_reproduce/checkpoints/paperD_rl160/pd8b-dapo-recipe-s44-rl160/manifests/checkpoint_rlstep040.sha256,8e1d4d9eef2d3029c0493a20f16da5c924487ddb3b094808001c4f08068764a4,57318,True,True
pd8b-dapo-recipe-s44-rl160,checkpoint_manifest,80,/volume/posttrain/users/lsk/nvc-repo/sgd_rlvr_reproduce/checkpoints/paperD_rl160/pd8b-dapo-recipe-s44-rl160/manifests/checkpoint_rlstep080.sha256,1a1341fed4e27b1660052f8e5e9606e1b14cb6f152cc8f02ab850f27a6251ad1,75847,True,True
pd8b-dapo-recipe-s44-rl160,checkpoint_manifest,120,/volume/posttrain/users/lsk/nvc-repo/sgd_rlvr_reproduce/checkpoints/paperD_rl160/pd8b-dapo-recipe-s44-rl160/manifests/checkpoint_rlstep120.sha256,85bd09b39ef13e6dbc37b6f4764b5420e01c8897cdd03630bd46fdf167ffae42,70549,True,True
pd8b-dapo-recipe-s44-rl160,checkpoint_manifest,160,/volume/posttrain/users/lsk/nvc-repo/sgd_rlvr_reproduce/checkpoints/paperD_rl160/pd8b-dapo-recipe-s44-rl160/manifests/checkpoint_rlstep160.sha256,fd0b997a8ea6faaa09ce87bbc8cff57be8b37934401d669d3c1b0eef2d648f14,90038,True,True
pd8b-dapo-recipe-s44-rl160,resolved_config,,/volume/posttrain/users/lsk/nvc-repo/sgd_rlvr_reproduce/checkpoints/paperD_rl160/pd8b-dapo-recipe-s44-rl160/manifests/resolved_config.yaml,d8e7895b88ecbe688e3e06f3a577483c954d84e1e037c4406410710c0523f773,73832,True,True
pd8b-dapo-recipe-s44-rl160,environment,,/volume/posttrain/users/lsk/nvc-repo/sgd_rlvr_reproduce/checkpoints/paperD_rl160/pd8b-dapo-recipe-s44-rl160/manifests/environment.json,5f2f52ad8667943255e46e3083dd82f5e828b94100e96d092d78e80747ca9b58,17930,True,True
pd8b-dapo-recipe-s44-rl160,rollout_prompt_manifest,,/volume/posttrain/users/lsk/nvc-repo/sgd_rlvr_reproduce/checkpoints/paperD_rl160/pd8b-dapo-recipe-s44-rl160/manifests/rollout_prompt_ids.jsonl,fe825e5e47ed7ca7534aa03fb75812e6427b2a783fe7b95d13dc330e19285a99,24019375,True,True
pdllama8b-dense-s42-rl160,train_log,,/volume/posttrain/users/lsk/nvc-repo/sgd_rlvr_reproduce/checkpoints/paperD_rl160/pdllama8b-dense-s42-rl160/logs/train_rlstep000_160.jsonl,9f4ccd1ea2cff89cb7c460be1ed9aaad4527a1cfe7074fc7ec5ad7d0191827e0,8042118,True,True
pdllama8b-dense-s42-rl160,evaluation_log,40,/volume/posttrain/users/lsk/nvc-repo/sgd_rlvr_reproduce/checkpoints/paperD_rl160/pdllama8b-dense-s42-rl160/logs/eval_rlstep040.jsonl,5c6bb2ccfc27633a825ef2fef45e1e2ccc119a5c64f6ebf3684e044ae24a0bdf,2400515,True,True
pdllama8b-dense-s42-rl160,evaluation_log,80,/volume/posttrain/users/lsk/nvc-repo/sgd_rlvr_reproduce/checkpoints/paperD_rl160/pdllama8b-dense-s42-rl160/logs/eval_rlstep080.jsonl,66e47f19df2796ad5321c52d9ac14f8b5c674ed4eacd289bd589fe5d7ac0eae6,2411331,True,True
pdllama8b-dense-s42-rl160,evaluation_log,120,/volume/posttrain/users/lsk/nvc-repo/sgd_rlvr_reproduce/checkpoints/paperD_rl160/pdllama8b-dense-s42-rl160/logs/eval_rlstep120.jsonl,62edcec80607977ae165f07ff7a42238bea4173161a0fe2a2b327708047741fc,2408957,True,True
pdllama8b-dense-s42-rl160,evaluation_log,160,/volume/posttrain/users/lsk/nvc-repo/sgd_rlvr_reproduce/checkpoints/paperD_rl160/pdllama8b-dense-s42-rl160/logs/eval_rlstep160.jsonl,b43ad52572c763ed667a05fefe04572137125738ef81d3ed7cc28f87ec2dbca7,2438692,True,True
pdllama8b-dense-s42-rl160,checkpoint_manifest,40,/volume/posttrain/users/lsk/nvc-repo/sgd_rlvr_reproduce/checkpoints/paperD_rl160/pdllama8b-dense-s42-rl160/manifests/checkpoint_rlstep040.sha256,427e382dfa0d9ef9964ae043db54c228b478014864fb4aade77a45205219174e,92561,True,True
pdllama8b-dense-s42-rl160,checkpoint_manifest,80,/volume/posttrain/users/lsk/nvc-repo/sgd_rlvr_reproduce/checkpoints/paperD_rl160/pdllama8b-dense-s42-rl160/manifests/checkpoint_rlstep080.sha256,b749917708fde49743806cd4712b74b459c1b1db1b35c76c3b48e11ff55ef41e,60276,True,True
pdllama8b-dense-s42-rl160,checkpoint_manifest,120,/volume/posttrain/users/lsk/nvc-repo/sgd_rlvr_reproduce/checkpoints/paperD_rl160/pdllama8b-dense-s42-rl160/manifests/checkpoint_rlstep120.sha256,ed4fdd0e96480dae5d98c728453de354ad1830961bd4161419d25bdfa7acf2e2,72423,True,True
pdllama8b-dense-s42-rl160,checkpoint_manifest,160,/volume/posttrain/users/lsk/nvc-repo/sgd_rlvr_reproduce/checkpoints/paperD_rl160/pdllama8b-dense-s42-rl160/manifests/checkpoint_rlstep160.sha256,197a35e70710cb62d9e438ef58a579686ba87bb89d1fb0e0474a740e03ba94f1,90604,True,True
pdllama8b-dense-s42-rl160,resolved_config,,/volume/posttrain/users/lsk/nvc-repo/sgd_rlvr_reproduce/checkpoints/paperD_rl160/pdllama8b-dense-s42-rl160/manifests/resolved_config.yaml,e558a03169661a9fc3bbc3aba9038212b04d288e1e9466007f5f4592d825b19b,58484,True,True
pdllama8b-dense-s42-rl160,environment,,/volume/posttrain/users/lsk/nvc-repo/sgd_rlvr_reproduce/checkpoints/paperD_rl160/pdllama8b-dense-s42-rl160/manifests/environment.json,5a56cbaf74d543c73b37402e8ebf1d87a939a86f5437059c06a305f7e1a62d73,37121,True,True
pdllama8b-dense-s42-rl160,rollout_prompt_manifest,,/volume/posttrain/users/lsk/nvc-repo/sgd_rlvr_reproduce/checkpoints/paperD_rl160/pdllama8b-dense-s42-rl160/manifests/rollout_prompt_ids.jsonl,179d846178e4879037cb53c211961376a6b4b69bd29cef1a6563c5e7e113c6b0,24032420,True,True
pdllama8b-dense-s43-rl160,train_log,,/volume/posttrain/users/lsk/nvc-repo/sgd_rlvr_reproduce/checkpoints/paperD_rl160/pdllama8b-dense-s43-rl160/logs/train_rlstep000_160.jsonl,1a2279c6933d0c24d8206a5561d73d9fb0518ed5144d310f7a5080643793f12b,8013540,True,True
pdllama8b-dense-s43-rl160,evaluation_log,40,/volume/posttrain/users/lsk/nvc-repo/sgd_rlvr_reproduce/checkpoints/paperD_rl160/pdllama8b-dense-s43-rl160/logs/eval_rlstep040.jsonl,607af65f689fafd1afe4eda4a2c85e68a70b48b4bbb4a7786ee33ae630c8e9f9,2401245,True,True
pdllama8b-dense-s43-rl160,evaluation_log,80,/volume/posttrain/users/lsk/nvc-repo/sgd_rlvr_reproduce/checkpoints/paperD_rl160/pdllama8b-dense-s43-rl160/logs/eval_rlstep080.jsonl,2462400f535ce9d110d7b5958963e4b0f104cf71950a896a22153f404f7ef62c,2449200,True,True
pdllama8b-dense-s43-rl160,evaluation_log,120,/volume/posttrain/users/lsk/nvc-repo/sgd_rlvr_reproduce/checkpoints/paperD_rl160/pdllama8b-dense-s43-rl160/logs/eval_rlstep120.jsonl,c9e67056e15c8463352b88f79117a16411b47a85c200973994732be798e59321,2449627,True,True
pdllama8b-dense-s43-rl160,evaluation_log,160,/volume/posttrain/users/lsk/nvc-repo/sgd_rlvr_reproduce/checkpoints/paperD_rl160/pdllama8b-dense-s43-rl160/logs/eval_rlstep160.jsonl,ae4b773532eb771e1cef30bac387ae2e9cdcdc030bfe9a9ed3d91c0dbfe9fc95,2404506,True,True
pdllama8b-dense-s43-rl160,checkpoint_manifest,40,/volume/posttrain/users/lsk/nvc-repo/sgd_rlvr_reproduce/checkpoints/paperD_rl160/pdllama8b-dense-s43-rl160/manifests/checkpoint_rlstep040.sha256,b6c9885230edb2ca26a2cff941af0e5aee6f24a590f2cf20d548aee00e0b049d,87889,True,True
pdllama8b-dense-s43-rl160,checkpoint_manifest,80,/volume/posttrain/users/lsk/nvc-repo/sgd_rlvr_reproduce/checkpoints/paperD_rl160/pdllama8b-dense-s43-rl160/manifests/checkpoint_rlstep080.sha256,9c45757b0021f6fc04be3ad99cd769f214cd98721dadcdc35262d396a7a0c23b,88143,True,True
pdllama8b-dense-s43-rl160,checkpoint_manifest,120,/volume/posttrain/users/lsk/nvc-repo/sgd_rlvr_reproduce/checkpoints/paperD_rl160/pdllama8b-dense-s43-rl160/manifests/checkpoint_rlstep120.sha256,28b8fdb39dc86dce5317fd5cce0835a5e584486eb8ecae1f0fdb7cbfe2099568,93509,True,True
pdllama8b-dense-s43-rl160,checkpoint_manifest,160,/volume/posttrain/users/lsk/nvc-repo/sgd_rlvr_reproduce/checkpoints/paperD_rl160/pdllama8b-dense-s43-rl160/manifests/checkpoint_rlstep160.sha256,5cd7bed4164a6733b13e3369fa64625ee0524a21180472acaa958133e90f8957,69690,True,True
pdllama8b-dense-s43-rl160,resolved_config,,/volume/posttrain/users/lsk/nvc-repo/sgd_rlvr_reproduce/checkpoints/paperD_rl160/pdllama8b-dense-s43-rl160/manifests/resolved_config.yaml,6dfb612553de2e27185007fd640169b52222e16dd18b5d8526d14dd9016ffe75,76630,True,True
pdllama8b-dense-s43-rl160,environment,,/volume/posttrain/users/lsk/nvc-repo/sgd_rlvr_reproduce/checkpoints/paperD_rl160/pdllama8b-dense-s43-rl160/manifests/environment.json,334366cd4dbb35e2a197392737f4085243b9e38efd8f10faf32c3c1b3e9dedb0,26579,True,True
pdllama8b-dense-s43-rl160,rollout_prompt_manifest,,/volume/posttrain/users/lsk/nvc-repo/sgd_rlvr_reproduce/checkpoints/paperD_rl160/pdllama8b-dense-s43-rl160/manifests/rollout_prompt_ids.jsonl,b78bdae23e7644b8c50bd34714dd74425e1625dff39bb2fa72273532a6d1dce9,24010304,True,True
pdllama8b-dense-s44-rl160,train_log,,/volume/posttrain/users/lsk/nvc-repo/sgd_rlvr_reproduce/checkpoints/paperD_rl160/pdllama8b-dense-s44-rl160/logs/train_rlstep000_160.jsonl,92ef3647a3b365cb0965cb33c6a97cc7fe245517d311328c678bc0766af7299b,8031119,True,True
pdllama8b-dense-s44-rl160,evaluation_log,40,/volume/posttrain/users/lsk/nvc-repo/sgd_rlvr_reproduce/checkpoints/paperD_rl160/pdllama8b-dense-s44-rl160/logs/eval_rlstep040.jsonl,347b50466f7595838cb70b2daa1dd24b6374225da1dd2b8e55fe99d14d8526f4,2414101,True,True
pdllama8b-dense-s44-rl160,evaluation_log,80,/volume/posttrain/users/lsk/nvc-repo/sgd_rlvr_reproduce/checkpoints/paperD_rl160/pdllama8b-dense-s44-rl160/logs/eval_rlstep080.jsonl,5e975a6cce6d97a1145ed9a6b67a901db03e89df14c78aa3c270bb98591861d2,2412721,True,True
pdllama8b-dense-s44-rl160,evaluation_log,120,/volume/posttrain/users/lsk/nvc-repo/sgd_rlvr_reproduce/checkpoints/paperD_rl160/pdllama8b-dense-s44-rl160/logs/eval_rlstep120.jsonl,92ff98da541a5254bb00133d1ae085ca695a3a1c553e98df7f8bffbff78a7e05,2443687,True,True
pdllama8b-dense-s44-rl160,evaluation_log,160,/volume/posttrain/users/lsk/nvc-repo/sgd_rlvr_reproduce/checkpoints/paperD_rl160/pdllama8b-dense-s44-rl160/logs/eval_rlstep160.jsonl,7e176c2b66647f4456208d5d6fe4c1b527328bf08b48c8e2f9a7a8898ea7697e,2447887,True,True
pdllama8b-dense-s44-rl160,checkpoint_manifest,40,/volume/posttrain/users/lsk/nvc-repo/sgd_rlvr_reproduce/checkpoints/paperD_rl160/pdllama8b-dense-s44-rl160/manifests/checkpoint_rlstep040.sha256,adbe594adf56a171a82fcf48c4ead3e32bd9e6f70d65137b2c6208557eee5fa9,89196,True,True
pdllama8b-dense-s44-rl160,checkpoint_manifest,80,/volume/posttrain/users/lsk/nvc-repo/sgd_rlvr_reproduce/checkpoints/paperD_rl160/pdllama8b-dense-s44-rl160/manifests/checkpoint_rlstep080.sha256,3e17074a10371d5d987541f30fec20a0131ebc2311cd1f709d29f63027a7897d,61902,True,True
pdllama8b-dense-s44-rl160,checkpoint_manifest,120,/volume/posttrain/users/lsk/nvc-repo/sgd_rlvr_reproduce/checkpoints/paperD_rl160/pdllama8b-dense-s44-rl160/manifests/checkpoint_rlstep120.sha256,a1227fca77c37d41d9befdc55ef8b4d5bc8620ea02a5f07ad39356ca934d71f3,61513,True,True
pdllama8b-dense-s44-rl160,checkpoint_manifest,160,/volume/posttrain/users/lsk/nvc-repo/sgd_rlvr_reproduce/checkpoints/paperD_rl160/pdllama8b-dense-s44-rl160/manifests/checkpoint_rlstep160.sha256,cd11c7e2e83518bfa1ff4bfef74b280559ba91d1840b116fbee4c630dad638d0,86744,True,True
pdllama8b-dense-s44-rl160,resolved_config,,/volume/posttrain/users/lsk/nvc-repo/sgd_rlvr_reproduce/checkpoints/paperD_rl160/pdllama8b-dense-s44-rl160/manifests/resolved_config.yaml,e6c33515bad48c643c7a0a5d41558f9ce7f6e7a6d82593d2b510b114fdc187d6,84454,True,True
pdllama8b-dense-s44-rl160,environment,,/volume/posttrain/users/lsk/nvc-repo/sgd_rlvr_reproduce/checkpoints/paperD_rl160/pdllama8b-dense-s44-rl160/manifests/environment.json,c7fb2602e08adc2d9d6d5a3cc5dcf0b4dad764e2ae4927a388cbdfdddc9ba098,45278,True,True
pdllama8b-dense-s44-rl160,rollout_prompt_manifest,,/volume/posttrain/users/lsk/nvc-repo/sgd_rlvr_reproduce/checkpoints/paperD_rl160/pdllama8b-dense-s44-rl160/manifests/rollout_prompt_ids.jsonl,140b3a97548db486b1b68f85af9bf7d1eab8cb9fe16278140389f143a0f2235f,24002247,True,True
pdllama8b-recipe-s42-rl160,train_log,,/volume/posttrain/users/lsk/nvc-repo/sgd_rlvr_reproduce/checkpoints/paperD_rl160/pdllama8b-recipe-s42-rl160/logs/train_rlstep000_160.jsonl,e2c80152419d0118b13b7fd475cca2a8aa717894ae14b4989a44bf400d308e86,8018531,True,True
pdllama8b-recipe-s42-rl160,evaluation_log,40,/volume/posttrain/users/lsk/nvc-repo/sgd_rlvr_reproduce/checkpoints/paperD_rl160/pdllama8b-recipe-s42-rl160/logs/eval_rlstep040.jsonl,dab999b60718475a32ef94d32e64193edd2f797fbe435ec8834dbaabb5b65357,2413517,True,True
pdllama8b-recipe-s42-rl160,evaluation_log,80,/volume/posttrain/users/lsk/nvc-repo/sgd_rlvr_reproduce/checkpoints/paperD_rl160/pdllama8b-recipe-s42-rl160/logs/eval_rlstep080.jsonl,0813a6aaea538b010cbeab0d5ebd9b61f5a89faf04af3f46680a734142b19560,2421546,True,True
pdllama8b-recipe-s42-rl160,evaluation_log,120,/volume/posttrain/users/lsk/nvc-repo/sgd_rlvr_reproduce/checkpoints/paperD_rl160/pdllama8b-recipe-s42-rl160/logs/eval_rlstep120.jsonl,311c48f7ae63425a4ba032be8c7debe2b487ff86b552247ad37420ff7bead0c1,2418208,True,True
pdllama8b-recipe-s42-rl160,evaluation_log,160,/volume/posttrain/users/lsk/nvc-repo/sgd_rlvr_reproduce/checkpoints/paperD_rl160/pdllama8b-recipe-s42-rl160/logs/eval_rlstep160.jsonl,d1c4e02abb5fdb23fc3ce60e07a48890015006575f79e473a21f3ccc7ad7c555,2433942,True,True
pdllama8b-recipe-s42-rl160,checkpoint_manifest,40,/volume/posttrain/users/lsk/nvc-repo/sgd_rlvr_reproduce/checkpoints/paperD_rl160/pdllama8b-recipe-s42-rl160/manifests/checkpoint_rlstep040.sha256,bf6a7a73b481340370cdbb4cdfb9ab468511f49b9da52de6a51993a1f69af37a,56414,True,True
pdllama8b-recipe-s42-rl160,checkpoint_manifest,80,/volume/posttrain/users/lsk/nvc-repo/sgd_rlvr_reproduce/checkpoints/paperD_rl160/pdllama8b-recipe-s42-rl160/manifests/checkpoint_rlstep080.sha256,465bd72beb1ba8fb78ac0e829ace12104a4711b1b737aea3bcacc2aa63f97ce2,79562,True,True
pdllama8b-recipe-s42-rl160,checkpoint_manifest,120,/volume/posttrain/users/lsk/nvc-repo/sgd_rlvr_reproduce/checkpoints/paperD_rl160/pdllama8b-recipe-s42-rl160/manifests/checkpoint_rlstep120.sha256,f1b57c0f8d7f2900a55caf2c9868e11a0efeae6a7ac304adecf25921970c583f,75796,True,True
pdllama8b-recipe-s42-rl160,checkpoint_manifest,160,/volume/posttrain/users/lsk/nvc-repo/sgd_rlvr_reproduce/checkpoints/paperD_rl160/pdllama8b-recipe-s42-rl160/manifests/checkpoint_rlstep160.sha256,965a03e838337c6ff22aa55f497380908c26ec33bcefb200425a4e41247ee7f3,53259,True,True
pdllama8b-recipe-s42-rl160,resolved_config,,/volume/posttrain/users/lsk/nvc-repo/sgd_rlvr_reproduce/checkpoints/paperD_rl160/pdllama8b-recipe-s42-rl160/manifests/resolved_config.yaml,6c8159d891f1de13c52345363c2311330091de7cd8e582411cd15da30b33755c,44898,True,True
pdllama8b-recipe-s42-rl160,environment,,/volume/posttrain/users/lsk/nvc-repo/sgd_rlvr_reproduce/checkpoints/paperD_rl160/pdllama8b-recipe-s42-rl160/manifests/environment.json,3cabfb956391aebba02bf5c3d58abe29c7c54062ee523f3f85462d7c3d429180,37869,True,True
pdllama8b-recipe-s42-rl160,rollout_prompt_manifest,,/volume/posttrain/users/lsk/nvc-repo/sgd_rlvr_reproduce/checkpoints/paperD_rl160/pdllama8b-recipe-s42-rl160/manifests/rollout_prompt_ids.jsonl,5672ab93be3cb14a44973f9285c8c67f8342daef08d50858efd9fd1f52a4a86c,24042674,True,True
pdllama8b-recipe-s43-rl160,train_log,,/volume/posttrain/users/lsk/nvc-repo/sgd_rlvr_reproduce/checkpoints/paperD_rl160/pdllama8b-recipe-s43-rl160/logs/train_rlstep000_160.jsonl,a22c723c98a14df68446c05ea87f3fee0ed336eec72dc649a6565e7e8a861b97,8004147,True,True
pdllama8b-recipe-s43-rl160,evaluation_log,40,/volume/posttrain/users/lsk/nvc-repo/sgd_rlvr_reproduce/checkpoints/paperD_rl160/pdllama8b-recipe-s43-rl160/logs/eval_rlstep040.jsonl,ad893a4f4741f87cc74e6d3dd05162a48f72355a05833dbe005c086fd54499d5,2419133,True,True
pdllama8b-recipe-s43-rl160,evaluation_log,80,/volume/posttrain/users/lsk/nvc-repo/sgd_rlvr_reproduce/checkpoints/paperD_rl160/pdllama8b-recipe-s43-rl160/logs/eval_rlstep080.jsonl,93e1a1c1e295e8a0453f6eab99dfb7f7bd84fbf9ab686b2ef31177ae164c008d,2423815,True,True
pdllama8b-recipe-s43-rl160,evaluation_log,120,/volume/posttrain/users/lsk/nvc-repo/sgd_rlvr_reproduce/checkpoints/paperD_rl160/pdllama8b-recipe-s43-rl160/logs/eval_rlstep120.jsonl,e3faa73ffac071c3cd044c507a069775175d2267733e94a7f8d9d45fc6593c0b,2421442,True,True
pdllama8b-recipe-s43-rl160,evaluation_log,160,/volume/posttrain/users/lsk/nvc-repo/sgd_rlvr_reproduce/checkpoints/paperD_rl160/pdllama8b-recipe-s43-rl160/logs/eval_rlstep160.jsonl,b190e3a1850ffb721e76720523eb13b61af4f90d737aaa8c97afed87fc1cc394,2443839,True,True
pdllama8b-recipe-s43-rl160,checkpoint_manifest,40,/volume/posttrain/users/lsk/nvc-repo/sgd_rlvr_reproduce/checkpoints/paperD_rl160/pdllama8b-recipe-s43-rl160/manifests/checkpoint_rlstep040.sha256,6eb9fdf4eef3294392d7487f5c9613c16573108bf180fc92023a370cf4a295b2,62467,True,True
pdllama8b-recipe-s43-rl160,checkpoint_manifest,80,/volume/posttrain/users/lsk/nvc-repo/sgd_rlvr_reproduce/checkpoints/paperD_rl160/pdllama8b-recipe-s43-rl160/manifests/checkpoint_rlstep080.sha256,a762f116e4e903ec19267f52dd7e41a7a83262c8a1127bd2c50bee1b08492cbf,60417,True,True
pdllama8b-recipe-s43-rl160,checkpoint_manifest,120,/volume/posttrain/users/lsk/nvc-repo/sgd_rlvr_reproduce/checkpoints/paperD_rl160/pdllama8b-recipe-s43-rl160/manifests/checkpoint_rlstep120.sha256,ef99d8dfff25ee55be62a788b580f129f7039b024c62dcff6e38069e37b9f064,84469,True,True
pdllama8b-recipe-s43-rl160,checkpoint_manifest,160,/volume/posttrain/users/lsk/nvc-repo/sgd_rlvr_reproduce/checkpoints/paperD_rl160/pdllama8b-recipe-s43-rl160/manifests/checkpoint_rlstep160.sha256,720a8738ae5527d26e72a4e2c82d0f9eeefc9afd8d27d470ffcdba52c327f1e1,56916,True,True
pdllama8b-recipe-s43-rl160,resolved_config,,/volume/posttrain/users/lsk/nvc-repo/sgd_rlvr_reproduce/checkpoints/paperD_rl160/pdllama8b-recipe-s43-rl160/manifests/resolved_config.yaml,e8f638df17c9ed532ac1b3a155e403a580d4ca2dc5e8550eff7f0326db4a2922,38804,True,True
pdllama8b-recipe-s43-rl160,environment,,/volume/posttrain/users/lsk/nvc-repo/sgd_rlvr_reproduce/checkpoints/paperD_rl160/pdllama8b-recipe-s43-rl160/manifests/environment.json,8c3cb1413344a8496fb4da387ee7db37b50de5ad212a73bdf6eb0587212da362,28629,True,True
pdllama8b-recipe-s43-rl160,rollout_prompt_manifest,,/volume/posttrain/users/lsk/nvc-repo/sgd_rlvr_reproduce/checkpoints/paperD_rl160/pdllama8b-recipe-s43-rl160/manifests/rollout_prompt_ids.jsonl,2be8185eee89c3f3219eb075858518b9cfcaaf528886a68fb333910d9898dde4,24008335,True,True
pdllama8b-recipe-s44-rl160,train_log,,/volume/posttrain/users/lsk/nvc-repo/sgd_rlvr_reproduce/checkpoints/paperD_rl160/pdllama8b-recipe-s44-rl160/logs/train_rlstep000_160.jsonl,8fefcd62368c3e846f1d42e00fb2e89ab5f5385b08ba4de070ed0bf53304031a,8008758,True,True
pdllama8b-recipe-s44-rl160,evaluation_log,40,/volume/posttrain/users/lsk/nvc-repo/sgd_rlvr_reproduce/checkpoints/paperD_rl160/pdllama8b-recipe-s44-rl160/logs/eval_rlstep040.jsonl,2869ae989220dd9c429a429544dd5d77c10bae851ea72d3365f348bfb4474d43,2420206,True,True
pdllama8b-recipe-s44-rl160,evaluation_log,80,/volume/posttrain/users/lsk/nvc-repo/sgd_rlvr_reproduce/checkpoints/paperD_rl160/pdllama8b-recipe-s44-rl160/logs/eval_rlstep080.jsonl,a5a16e539ef7fed0f73f14a811cd20e2546088ef8e295a4d9c4e03e94544108f,2442783,True,True
pdllama8b-recipe-s44-rl160,evaluation_log,120,/volume/posttrain/users/lsk/nvc-repo/sgd_rlvr_reproduce/checkpoints/paperD_rl160/pdllama8b-recipe-s44-rl160/logs/eval_rlstep120.jsonl,0b746a7339052170721bab82c694d1050424c961ad71ff27b517d3e236cacea3,2442054,True,True
pdllama8b-recipe-s44-rl160,evaluation_log,160,/volume/posttrain/users/lsk/nvc-repo/sgd_rlvr_reproduce/checkpoints/paperD_rl160/pdllama8b-recipe-s44-rl160/logs/eval_rlstep160.jsonl,a9b1fe1064eb26d56809e3d9e4ce1ec7fe7d6a0ae4017ec4021200eb9bfaabde,2438291,True,True
pdllama8b-recipe-s44-rl160,checkpoint_manifest,40,/volume/posttrain/users/lsk/nvc-repo/sgd_rlvr_reproduce/checkpoints/paperD_rl160/pdllama8b-recipe-s44-rl160/manifests/checkpoint_rlstep040.sha256,d0b38cd3973016142758e436108d284e4bba74da224016948881e46907f1aebb,72475,True,True
pdllama8b-recipe-s44-rl160,checkpoint_manifest,80,/volume/posttrain/users/lsk/nvc-repo/sgd_rlvr_reproduce/checkpoints/paperD_rl160/pdllama8b-recipe-s44-rl160/manifests/checkpoint_rlstep080.sha256,f21e1826887f7d0fef4081dc790cc80e3bd1af05fb35cdadb95864f0e380b51a,71228,True,True
pdllama8b-recipe-s44-rl160,checkpoint_manifest,120,/volume/posttrain/users/lsk/nvc-repo/sgd_rlvr_reproduce/checkpoints/paperD_rl160/pdllama8b-recipe-s44-rl160/manifests/checkpoint_rlstep120.sha256,6c75f51197dcf4fa569f665b80ccb4dc0689b27e8b4c831644a97c38c9c2b75d,89238,True,True
pdllama8b-recipe-s44-rl160,checkpoint_manifest,160,/volume/posttrain/users/lsk/nvc-repo/sgd_rlvr_reproduce/checkpoints/paperD_rl160/pdllama8b-recipe-s44-rl160/manifests/checkpoint_rlstep160.sha256,d43c2722a50e69eeb779cff7fbf669a8ac58afdfa20233afeae796bf571c2ebf,96647,True,True
pdllama8b-recipe-s44-rl160,resolved_config,,/volume/posttrain/users/lsk/nvc-repo/sgd_rlvr_reproduce/checkpoints/paperD_rl160/pdllama8b-recipe-s44-rl160/manifests/resolved_config.yaml,df369d6d0da2329fe4382aeb92034c744708d92b8290fdcb7bdfb1c17057dd8d,76122,True,True
pdllama8b-recipe-s44-rl160,environment,,/volume/posttrain/users/lsk/nvc-repo/sgd_rlvr_reproduce/checkpoints/paperD_rl160/pdllama8b-recipe-s44-rl160/manifests/environment.json,3a525c28064fb2df7057ab8a53dc9361e2ddc0710186f8a181554d54b4aac887,35771,True,True
pdllama8b-recipe-s44-rl160,rollout_prompt_manifest,,/volume/posttrain/users/lsk/nvc-repo/sgd_rlvr_reproduce/checkpoints/paperD_rl160/pdllama8b-recipe-s44-rl160/manifests/rollout_prompt_ids.jsonl,ebbf8864082bef416adc9ee09363941dbe30eafb01e14c266302316b1beb9735,24049728,True,True
